Type,SKU,Name,Published,Is featured?,Catalog visibility,In stock?,Regular price,Sold individually,Weight (kg),Categories,Images,Attribute 1 name,Attribute 1 value(s),Attribute 1 visible,Attribute 1 global,Attribute 2 name,Attribute 2 value(s),Attribute 2 visible,Attribute 2 global,Attribute 3 name,Attribute 3 value(s),Attribute 3 visible,Attribute 3 global,Attribute 4 name,Attribute 4 value(s),Attribute 4 visible,Attribute 4 global
simple,aleksandrovic-harizma-aleksandrovic,Aleksandrović Harizma,1,0,visible,1,1770,0,1.3,Crveno vino,https://15milja.com/images/wines/aleksandrovi%C4%87-harizma.png,Vinarija,Aleksandrović,1,1,Region,Šumadija,1,1,Zemlja,Srbija,1,1,Zapremina,0.75 L,1,1
simple,aleksandrovic-prokupac-aleksandrovic,Aleksandrović Prokupac,1,0,visible,1,1770,0,1.3,Crveno vino,https://15milja.com/images/wines/aleksandrovi%C4%87-prokupac.png,Vinarija,Aleksandrović,1,1,Region,Šumadija,1,1,Zemlja,Srbija,1,1,Zapremina,0.75 L,1,1
simple,aleksandrovic-regent-aleksandrovic,Aleksandrović Regent,1,0,visible,1,2340,0,1.3,Crveno vino,https://15milja.com/images/wines/aleksandrovi%C4%87-regent-reserve.png,Vinarija,Aleksandrović,1,1,Region,Šumadija,1,1,Zemlja,Srbija,1,1,Zapremina,0.75 L,1,1
simple,aleksandrovic-rodoslov-aleksandrovic,Aleksandrović Rodoslov,1,0,visible,1,4980,0,1.3,Crveno vino,https://15milja.com/images/wines/aleksandrovi%C4%87-rodoslov-magnum-3l.png,Vinarija,Aleksandrović,1,1,Region,Šumadija,1,1,Zemlja,Srbija,1,1,Zapremina,0.75 L,1,1
simple,aleksandrovic-varijanta-aleksandrovic,Aleksandrović Varijanta,1,0,visible,1,1390,0,1.3,Crveno vino,https://15milja.com/images/wines/aleksandrovi%C4%87-varijanta.png,Vinarija,Aleksandrović,1,1,Region,Šumadija,1,1,Zemlja,Srbija,1,1,Zapremina,0.75 L,1,1
simple,aleksandrovic-vizija-aleksandrovic,Aleksandrović Vizija,1,0,visible,1,1700,0,1.3,Crveno vino,https://15milja.com/images/wines/aleksandrovic-vizija.png,Vinarija,Aleksandrović,1,1,Region,Šumadija,1,1,Zemlja,Srbija,1,1,Zapremina,0.75 L,1,1
simple,aleksandrovic-trijumf-aleksandrovic,Aleksandrović Trijumf,1,0,visible,1,1920,0,1.3,Crveno vino,https://15milja.com/images/wines/aleksandrovi%C4%87-trijumf.png,Vinarija,Aleksandrović,1,1,Region,Šumadija,1,1,Zemlja,Srbija,1,1,Zapremina,0.75 L,1,1
simple,aleksandrovic-trijumf-gold-aleksandrovic,Aleksandrović Trijumf Gold,1,0,visible,1,2200,0,1.3,Crveno vino,https://15milja.com/images/wines/aleksandrovi%C4%87-trijumf-gold.png,Vinarija,Aleksandrović,1,1,Region,Šumadija,1,1,Zemlja,Srbija,1,1,Zapremina,0.75 L,1,1
simple,aleksandrovic-trijumf-noir-aleksandrovic,Aleksandrović Trijumf Noir,1,0,visible,1,2200,0,1.3,Crveno vino,https://15milja.com/images/wines/aleksandrovi%C4%87-trijumf-noir-penu%C5%A1avac.png,Vinarija,Aleksandrović,1,1,Region,Šumadija,1,1,Zemlja,Srbija,1,1,Zapremina,0.75 L,1,1
simple,aleksandrovic-trijumf-teroir-aleksandrovic,Aleksandrović Trijumf Teroir,1,0,visible,1,2350,0,1.3,Crveno vino,https://15milja.com/images/wines/aleksandrovi%C4%87-trijumf-terroir.png,Vinarija,Aleksandrović,1,1,Region,Šumadija,1,1,Zemlja,Srbija,1,1,Zapremina,0.75 L,1,1
simple,aleksic-kardas-aleksic,Aleksić Kardaš,1,0,visible,1,1010,0,1.3,Crveno vino,https://15milja.com/images/wines/aleksi%C4%87-karda%C5%A1.png,Vinarija,Aleksić,1,1,Region,Vranje,1,1,Zemlja,Srbija,1,1,Zapremina,0.75 L,1,1
simple,aleksic-kardas-limited-aleksic,Aleksić Kardaš Limited,1,0,visible,1,1560,0,1.3,Crveno vino,https://15milja.com/images/wines/aleksi%C4%87-karda%C5%A1-limited.png,Vinarija,Aleksić,1,1,Region,Vranje,1,1,Zemlja,Srbija,1,1,Zapremina,0.75 L,1,1
simple,belo-brdo-a-m-cuvee-rouge-belo-brdo,Belo Brdo A.M. Cuvée Rouge,1,0,visible,1,1490,0,1.3,Crveno vino,https://15milja.com/images/wines/belo-brdo-cuvee-rouge.png,Vinarija,Belo Brdo,1,1,Region,Fruška Gora,1,1,Zemlja,Srbija,1,1,Zapremina,0.75 L,1,1
simple,bjelica-babaroga-crvena-bjelica,Bjelica Babaroga Crvena,1,0,visible,1,5150,0,1.3,Crveno vino,https://15milja.com/images/wines/bjelica-babaroga-crvena.png,Vinarija,Bjelica,1,1,Region,Srbija,1,1,Zemlja,Srbija,1,1,Zapremina,0.75 L,1,1
simple,bjelica-graffiti-bjelica,Bjelica Graffiti,1,0,visible,1,2500,0,1.3,Crveno vino,https://15milja.com/images/wines/bjelica-graffiti-crveno.png,Vinarija,Bjelica,1,1,Region,Srbija,1,1,Zemlja,Srbija,1,1,Zapremina,0.75 L,1,1
simple,bjelica-saga-bjelica,Bjelica Saga,1,0,visible,1,2220,0,1.3,Crveno vino,https://15milja.com/images/wines/bjelica-saga.png,Vinarija,Bjelica,1,1,Region,Srbija,1,1,Zemlja,Srbija,1,1,Zapremina,0.75 L,1,1
simple,budimir-triada-prokupac-budimir,Budimir Triada Prokupac,1,0,visible,1,1100,0,1.3,Crveno vino,https://15milja.com/images/wines/budimir-triada-prokupac.png,Vinarija,Budimir,1,1,Region,Negotin,1,1,Zemlja,Srbija,1,1,Zapremina,0.75 L,1,1
simple,budimir-projekat-iks-budimir,Budimir Projekat IKS,1,0,visible,1,1750,0,1.3,Crveno vino,https://15milja.com/images/wines/budimir-projekat-x.png,Vinarija,Budimir,1,1,Region,Negotin,1,1,Zemlja,Srbija,1,1,Zapremina,0.75 L,1,1
simple,chichateau-fabula-lagum-chichateau,Chichateau Fabula Lagum,1,0,visible,1,3260,0,1.3,Crveno vino,https://15milja.com/images/wines/chichateau-fabula-lagum.png,Vinarija,Chichateau,1,1,Region,Srbija,1,1,Zemlja,Srbija,1,1,Zapremina,0.75 L,1,1
simple,chichateau-fabula-mala-chichateau,Chichateau Fabula Mala,1,0,visible,1,1760,0,1.3,Crveno vino,https://15milja.com/images/wines/chichateau-fabula-mala-0.75-l.png,Vinarija,Chichateau,1,1,Region,Srbija,1,1,Zemlja,Srbija,1,1,Zapremina,0.75 L,1,1
simple,cilic-cabernet-merlot-cilic,Čilić Cabernet-Merlot,1,0,visible,1,1330,0,1.3,Crveno vino,https://15milja.com/images/wines/cili%C4%87-crni-vrh-cabernet-%26-merlot.png,Vinarija,Čilić,1,1,Region,Srbija,1,1,Zemlja,Srbija,1,1,Zapremina,0.75 L,1,1
simple,deuric-aksiom-crveni-deuric,Deurić Aksiom Crveni,1,0,visible,1,2070,0,1.3,Crveno vino,https://15milja.com/images/wines/deuri%C4%87-aksiom-crveni.png,Vinarija,Deurić,1,1,Region,Župa,1,1,Zemlja,Srbija,1,1,Zapremina,0.75 L,1,1
simple,deuric-merlot-deuric,Deurić Merlot,1,0,visible,1,1300,0,1.3,Crveno vino,https://15milja.com/images/wines/deuri%C4%87-princeps-merlot.png,Vinarija,Deurić,1,1,Region,Župa,1,1,Zemlja,Srbija,1,1,Zapremina,0.75 L,1,1
simple,deuric-pinot-noir-deuric,Deurić Pinot Noir,1,0,visible,1,1360,0,1.3,Crveno vino,https://15milja.com/images/wines/deuri%C4%87-pinot-noir.png,Vinarija,Deurić,1,1,Region,Župa,1,1,Zemlja,Srbija,1,1,Zapremina,0.75 L,1,1
simple,deuric-probus-deuric,Deurić Probus,1,0,visible,1,1690,0,1.3,Crveno vino,https://15milja.com/images/wines/deuri%C4%87-probus-276.png,Vinarija,Deurić,1,1,Region,Župa,1,1,Zemlja,Srbija,1,1,Zapremina,0.75 L,1,1
simple,doja-prokupac-doja,Doja Prokupac,1,0,visible,1,1490,0,1.3,Crveno vino,https://15milja.com/images/wines/doja-prokupac.png,Vinarija,Doja,1,1,Region,Srbija,1,1,Zemlja,Srbija,1,1,Zapremina,0.75 L,1,1
simple,draganic-palava-profil-draganic,Draganić Pálava Profil,1,0,visible,1,1600,0,1.3,Crveno vino,https://15milja.com/images/wines/draganic-palava-profil.png,Vinarija,Draganić,1,1,Region,Srbija,1,1,Zemlja,Srbija,1,1,Zapremina,0.75 L,1,1
simple,erdevik-grand-trianon-erdevik,Erdevik Grand Trianon,1,0,visible,1,2680,0,1.3,Crveno vino,https://15milja.com/images/wines/erdevik-grand-trianon.png,Vinarija,Erdevik,1,1,Region,Fruška Gora,1,1,Zemlja,Srbija,1,1,Zapremina,0.75 L,1,1
simple,erdevik-marlon-delon-erdevik,Erdevik Marlon Delon,1,0,visible,1,4280,0,1.3,Crveno vino,https://15milja.com/images/wines/erdevik-marlon-delon.png,Vinarija,Erdevik,1,1,Region,Fruška Gora,1,1,Zemlja,Srbija,1,1,Zapremina,0.75 L,1,1
simple,erdevik-omnibus-lector-erdevik,Erdevik Omnibus Lector,1,0,visible,1,4280,0,1.3,Crveno vino,https://15milja.com/images/wines/erdevik-omnibus-lector-chardonnay.png,Vinarija,Erdevik,1,1,Region,Fruška Gora,1,1,Zemlja,Srbija,1,1,Zapremina,0.75 L,1,1
simple,erdevik-stifler-s-mom-erdevik,Erdevik Stifler's Mom,1,0,visible,1,4280,0,1.3,Crveno vino,https://15milja.com/images/wines/erdevik-stifler's-mom-shiraz.png,Vinarija,Erdevik,1,1,Region,Fruška Gora,1,1,Zemlja,Srbija,1,1,Zapremina,0.75 L,1,1
simple,erdevik-tri-crvene-koze-erdevik,Erdevik Tri Crvene Koze,1,0,visible,1,810,0,1.3,Crveno vino,https://15milja.com/images/wines/erdevik-tri-crvene-koze.png,Vinarija,Erdevik,1,1,Region,Fruška Gora,1,1,Zemlja,Srbija,1,1,Zapremina,0.75 L,1,1
simple,erdevik-trianon-erdevik,Erdevik Trianon,1,0,visible,1,1690,0,1.3,Crveno vino,https://15milja.com/images/wines/erdevik-trianon.png,Vinarija,Erdevik,1,1,Region,Fruška Gora,1,1,Zemlja,Srbija,1,1,Zapremina,0.75 L,1,1
simple,ivanovic-prokupac-ivanovic,Ivanović Prokupac,1,0,visible,1,1490,0,1.3,Crveno vino,https://15milja.com/images/wines/ivanovi%C4%87-prokupac-0.75-l.png,Vinarija,Ivanović,1,1,Region,Srbija,1,1,Zemlja,Srbija,1,1,Zapremina,0.75 L,1,1
simple,jeremic-kanon-jeremic,Jeremić Kanon,1,0,visible,1,1700,0,1.3,Crveno vino,https://15milja.com/images/wines/jeremi%C4%87-kanon.png,Vinarija,Jeremić,1,1,Region,Srbija,1,1,Zemlja,Srbija,1,1,Zapremina,0.75 L,1,1
simple,jeremic-merlot-terroir-jeremic,Jeremić Merlot Terroir,1,0,visible,1,3260,0,1.3,Crveno vino,https://15milja.com/images/wines/jeremi%C4%87-merlot-terroire.png,Vinarija,Jeremić,1,1,Region,Srbija,1,1,Zemlja,Srbija,1,1,Zapremina,0.75 L,1,1
simple,jeremic-sonata-jeremic,Jeremić Sonata,1,0,visible,1,1590,0,1.3,Crveno vino,https://15milja.com/images/wines/jeremi%C4%87-sonata.png,Vinarija,Jeremić,1,1,Region,Srbija,1,1,Zemlja,Srbija,1,1,Zapremina,0.75 L,1,1
simple,jovic-cabernet-sauvignon-jovic,Jović Cabernet Sauvignon,1,0,visible,1,1670,0,1.3,Crveno vino,https://15milja.com/images/wines/jovi%C4%87-cabernet-sauvignon.png,Vinarija,Jović,1,1,Region,Srbija,1,1,Zemlja,Srbija,1,1,Zapremina,0.75 L,1,1
simple,jovic-dionizije-jovic,Jović Dionizije,1,0,visible,1,2780,0,1.3,Crveno vino,https://15milja.com/images/wines/jovi%C4%87-dionizije.png,Vinarija,Jović,1,1,Region,Srbija,1,1,Zemlja,Srbija,1,1,Zapremina,0.75 L,1,1
simple,jovic-vranac-jovic,Jović Vranac,1,0,visible,1,2010,0,1.3,Crveno vino,https://15milja.com/images/wines/jovi%C4%87-vranac-potrkanjski.png,Vinarija,Jović,1,1,Region,Srbija,1,1,Zemlja,Srbija,1,1,Zapremina,0.75 L,1,1
simple,jovic-vranac-premium-jovic,Jović Vranac Premium,1,0,visible,1,2010,0,1.3,Crveno vino,https://15milja.com/images/wines/jovic-vranac-premium.png,Vinarija,Jović,1,1,Region,Srbija,1,1,Zemlja,Srbija,1,1,Zapremina,0.75 L,1,1
simple,kovacevic-orphelin-crveni-kovacevic,Kovačević Orphelin Crveni,1,0,visible,1,500,0,0.5,Crveno vino,https://15milja.com/images/wines/kovacevic-orphelin-crveni.png,Vinarija,Kovačević,1,1,Region,Fruška Gora,1,1,Zemlja,Srbija,1,1,Zapremina,0.187l,1,1
simple,lastar-merlot-lastar,Lastar Merlot,1,0,visible,1,1420,0,1.3,Crveno vino,https://15milja.com/images/wines/lastar-merlot.png,Vinarija,Lastar,1,1,Region,Srbija,1,1,Zemlja,Srbija,1,1,Zapremina,0.75 L,1,1
simple,legat-do-neba-i-nazad-legat,Legat Do Neba i Nazad,1,0,visible,1,1220,0,1.3,Crveno vino,https://15milja.com/images/wines/%C4%91ur%C4%91evi%C4%87a-legat-do-neba-i-nazad.png,Vinarija,Legat,1,1,Region,Srbija,1,1,Zemlja,Srbija,1,1,Zapremina,0.75 L,1,1
simple,legat-otisak-legat,Legat Otisak,1,0,visible,1,1950,0,1.3,Crveno vino,https://15milja.com/images/wines/%C4%91ur%C4%91evi%C4%87a-legat-otisak.png,Vinarija,Legat,1,1,Region,Srbija,1,1,Zemlja,Srbija,1,1,Zapremina,0.75 L,1,1
simple,mackov-podrum-portugizer-mackov-podrum,Mačkov Podrum Portugizer,1,0,visible,1,890,0,1.3,Crveno vino,https://15milja.com/images/wines/mackov-podrum-portugizer.png,Vinarija,Mačkov Podrum,1,1,Region,Fruška Gora,1,1,Zemlja,Srbija,1,1,Zapremina,0.75 L,1,1
simple,magaza-merlot-magaza,Magaza Merlot,1,0,visible,1,1540,0,1.3,Crveno vino,https://15milja.com/images/wines/magaza-merlot.png,Vinarija,Magaza,1,1,Region,Srbija,1,1,Zemlja,Srbija,1,1,Zapremina,0.75 L,1,1
simple,manastir-bukovo-filigran-cabernet-manastir-bukovo,Manastir Bukovo Filigran Cabernet,1,0,visible,1,2090,0,1.3,Crveno vino,https://15milja.com/images/wines/bukovo-filigran-cabernet.png,Vinarija,Manastir Bukovo,1,1,Region,Srbija,1,1,Zemlja,Srbija,1,1,Zapremina,0.75 L,1,1
simple,manastir-bukovo-filigran-game-manastir-bukovo,Manastir Bukovo Filigran GAME,1,0,visible,1,1870,0,1.3,Crveno vino,https://15milja.com/images/wines/bukovo-filigran-game.png,Vinarija,Manastir Bukovo,1,1,Region,Srbija,1,1,Zemlja,Srbija,1,1,Zapremina,0.75 L,1,1
simple,manastir-hilandar-crveno-manastir-hilandar,Manastir Hilandar Crveno,1,0,visible,1,1620,0,1.3,Crveno vino,https://15milja.com/images/wines/hilandar-crveno.png,Vinarija,Manastir Hilandar,1,1,Region,Srbija,1,1,Zemlja,Srbija,1,1,Zapremina,0.75 L,1,1
simple,matalj-bukovski-cuvee-matalj,Matalj Bukovski Cuvée,1,0,visible,1,1960,0,1.3,Crveno vino,https://15milja.com/images/wines/matalj-bukovski.png,Vinarija,Matalj,1,1,Region,Negotin,1,1,Zemlja,Srbija,1,1,Zapremina,0.75 L,1,1
simple,matalj-kremen-matalj,Matalj Kremen,1,0,visible,1,1770,0,1.3,Crveno vino,https://15milja.com/images/wines/matalj-kremen-1%2C5l.png,Vinarija,Matalj,1,1,Region,Negotin,1,1,Zemlja,Srbija,1,1,Zapremina,0.75 L,1,1
simple,matalj-kremen-kamen-matalj,Matalj Kremen Kamen,1,0,visible,1,8620,0,1.3,Crveno vino,https://15milja.com/images/wines/matalj-kremen-kamen.png,Vinarija,Matalj,1,1,Region,Negotin,1,1,Zemlja,Srbija,1,1,Zapremina,0.75 L,1,1
simple,matalj-crna-tamjanika-matalj,Matalj Crna Tamjanika,1,0,visible,1,1280,0,1.3,Crveno vino,https://15milja.com/images/wines/matalj-crna-tamjanika.png,Vinarija,Matalj,1,1,Region,Negotin,1,1,Zemlja,Srbija,1,1,Zapremina,0.75 L,1,1
simple,matalj-zemna-reserva-matalj,Matalj Zemna Reserva,1,0,visible,1,3040,0,1.3,Crveno vino,https://15milja.com/images/wines/matalj-zemna.png,Vinarija,Matalj,1,1,Region,Negotin,1,1,Zemlja,Srbija,1,1,Zapremina,0.75 L,1,1
simple,matijasevic-cukundeda-matijasevic,Matijašević Cukundeda,1,0,visible,1,2080,0,1.3,Crveno vino,https://15milja.com/images/wines/matija%C5%A1evi%C4%87-%C4%8Dukundeda.png,Vinarija,Matijašević,1,1,Region,Šumadija,1,1,Zemlja,Srbija,1,1,Zapremina,0.75 L,1,1
simple,matijasevic-sovinoa-matijasevic,Matijašević SoviNoa,1,0,visible,1,2150,0,1.3,Crveno vino,https://15milja.com/images/wines/matija%C5%A1evi%C4%87-sovinoa.png,Vinarija,Matijašević,1,1,Region,Šumadija,1,1,Zemlja,Srbija,1,1,Zapremina,0.75 L,1,1
simple,matijasevic-tri-doline-matijasevic,Matijašević Tri Doline,1,0,visible,1,2290,0,1.3,Crveno vino,https://15milja.com/images/wines/matija%C5%A1evi%C4%87-merlot-tri-doline.png,Vinarija,Matijašević,1,1,Region,Šumadija,1,1,Zemlja,Srbija,1,1,Zapremina,0.75 L,1,1
simple,milanovic-probus-milanovic,Milanović Probus,1,0,visible,1,1310,0,1.3,Crveno vino,https://15milja.com/images/wines/milanovi%C4%87-probus.png,Vinarija,Milanović,1,1,Region,Srbija,1,1,Zemlja,Srbija,1,1,Zapremina,0.75 L,1,1
simple,milanovic-sila-milanovic,Milanović Sila,1,0,visible,1,1800,0,1.3,Crveno vino,https://15milja.com/images/wines/milanovi%C4%87-sila.png,Vinarija,Milanović,1,1,Region,Srbija,1,1,Zemlja,Srbija,1,1,Zapremina,0.75 L,1,1
simple,minic-dorotej-rskavac-minic,Minić Dorotej Rskavac,1,0,visible,1,2350,0,1.3,Crveno vino,https://15milja.com/images/wines/minic-dorotej-rskavac.png,Vinarija,Minić,1,1,Region,Srbija,1,1,Zemlja,Srbija,1,1,Zapremina,0.75 L,1,1
simple,porta-cuvee-porta,Porta Cuvée,1,0,visible,1,1790,0,1.3,Crveno vino,https://15milja.com/images/wines/porta-cuvee.png,Vinarija,Porta,1,1,Region,Srbija,1,1,Zemlja,Srbija,1,1,Zapremina,0.75 L,1,1
simple,porta-merlot-porta,Porta Merlot,1,0,visible,1,1470,0,1.3,Crveno vino,https://15milja.com/images/wines/porta-merlot.png,Vinarija,Porta,1,1,Region,Srbija,1,1,Zemlja,Srbija,1,1,Zapremina,0.75 L,1,1
simple,radovanovic-cabernet-radovanovic,Radovanović Cabernet,1,0,visible,1,1520,0,1.3,Crveno vino,https://15milja.com/images/wines/radovanovi%C4%87-cabernet-sauvignon-reserve.png,Vinarija,Radovanović,1,1,Region,Šumadija,1,1,Zemlja,Srbija,1,1,Zapremina,0.75 L,1,1
simple,radovanovic-cabernet-reserve-radovanovic,Radovanović Cabernet Reserve,1,0,visible,1,3600,0,1.3,Crveno vino,https://15milja.com/images/wines/radovanovi%C4%87-cabernet-sauvignon-reserve-0.75-l.png,Vinarija,Radovanović,1,1,Region,Šumadija,1,1,Zemlja,Srbija,1,1,Zapremina,0.75 L,1,1
simple,temet-ergo-crveno-temet,Temet Ergo Crveno,1,0,visible,1,3640,0,1.3,Crveno vino,https://15milja.com/images/wines/temet-ergo-crveno.png,Vinarija,Temet,1,1,Region,Tri Morave,1,1,Zemlja,Srbija,1,1,Zapremina,0.75 L,1,1
simple,temet-tri-morave-crveno-temet,Temet Tri Morave Crveno,1,0,visible,1,1930,0,1.3,Crveno vino,https://15milja.com/images/wines/temet-tri-morave-rezerva-crveno.png,Vinarija,Temet,1,1,Region,Tri Morave,1,1,Zemlja,Srbija,1,1,Zapremina,0.75 L,1,1
simple,tonkovic-campanella-tonkovic,Tonković Campanella,1,0,visible,1,1660,0,1.3,Crveno vino,https://15milja.com/images/wines/tonkovic-campanella.png,Vinarija,Tonković,1,1,Region,Srbija,1,1,Zemlja,Srbija,1,1,Zapremina,0.75 L,1,1
simple,tonkovic-kadarka-allegro-tonkovic,Tonković Kadarka Allegro,1,0,visible,1,1470,0,1.3,Crveno vino,https://15milja.com/images/wines/tonkovi%C4%87-kadarka-allegro.png,Vinarija,Tonković,1,1,Region,Srbija,1,1,Zemlja,Srbija,1,1,Zapremina,0.75 L,1,1
simple,tonkovic-kadarka-fantazija-tonkovic,Tonković Kadarka Fantazija,1,0,visible,1,1470,0,1.3,Crveno vino,https://15milja.com/images/wines/tonkovi%C4%87-kadarka-fantazija.png,Vinarija,Tonković,1,1,Region,Srbija,1,1,Zemlja,Srbija,1,1,Zapremina,0.75 L,1,1
simple,tonkovic-kadarka-rapsodija-tonkovic,Tonković Kadarka Rapsodija,1,0,visible,1,1840,0,1.3,Crveno vino,https://15milja.com/images/wines/tonkovic-kadarka-rapsodija.png,Vinarija,Tonković,1,1,Region,Srbija,1,1,Zemlja,Srbija,1,1,Zapremina,0.75 L,1,1
simple,trivanovic-optimus-trivanovic,Trivanović Optimus,1,0,visible,1,1370,0,1.3,Crveno vino,https://15milja.com/images/wines/trivanovic-optimus.png,Vinarija,Trivanović,1,1,Region,Srbija,1,1,Zemlja,Srbija,1,1,Zapremina,0.75 L,1,1
simple,trivanovic-cab-sauvignon-limited-trivanovic,Trivanović Cab. Sauvignon Limited,1,0,visible,1,2030,0,1.3,Crveno vino,https://15milja.com/images/wines/trivanovic-cabernet-limited.png,Vinarija,Trivanović,1,1,Region,Srbija,1,1,Zemlja,Srbija,1,1,Zapremina,0.75 L,1,1
simple,trivanovic-shiraz-limited-trivanovic,Trivanović Shiraz Limited,1,0,visible,1,2620,0,1.3,Crveno vino,https://15milja.com/images/wines/trivanovic-shiraz-limited.png,Vinarija,Trivanović,1,1,Region,Srbija,1,1,Zemlja,Srbija,1,1,Zapremina,0.75 L,1,1
simple,varina-prokupac-varina,Varina Prokupac,1,0,visible,1,1410,0,1.3,Crveno vino,https://15milja.com/images/wines/varina-prokupac.png,Vinarija,Varina,1,1,Region,Srbija,1,1,Zemlja,Srbija,1,1,Zapremina,0.75 L,1,1
simple,virtus-marselan-virtus,Virtus Marselan,1,0,visible,1,1700,0,1.3,Crveno vino,https://15milja.com/images/wines/virtus-marselan.png,Vinarija,Virtus,1,1,Region,Srbija,1,1,Zemlja,Srbija,1,1,Zapremina,0.75 L,1,1
simple,virtus-mlavac-crveni-virtus,Virtus Mlavac Crveni,1,0,visible,1,790,0,1.3,Crveno vino,https://15milja.com/images/wines/virtus-mlavac-crveni.png,Vinarija,Virtus,1,1,Region,Srbija,1,1,Zemlja,Srbija,1,1,Zapremina,0.75 L,1,1
simple,virtus-prokupac-virtus,Virtus Prokupac,1,0,visible,1,1300,0,1.3,Crveno vino,https://15milja.com/images/wines/virtus-prokupac.png,Vinarija,Virtus,1,1,Region,Srbija,1,1,Zemlja,Srbija,1,1,Zapremina,0.75 L,1,1
simple,zvonko-bogdan-4-konja-debela-zvonko-bogdan,Zvonko Bogdan 4 Konja Debela,1,0,visible,1,1310,0,1.3,Crveno vino,https://15milja.com/images/wines/zvonko-bogdan-4-konja.png,Vinarija,Zvonko Bogdan,1,1,Region,Subotica,1,1,Zemlja,Srbija,1,1,Zapremina,0.75 L,1,1
simple,zvonko-bogdan-8-tamburasa-zvonko-bogdan,Zvonko Bogdan 8 Tamburasa,1,0,visible,1,1310,0,1.3,Crveno vino,https://15milja.com/images/wines/zvonko-bogdan-8-tambura%C5%A1a.png,Vinarija,Zvonko Bogdan,1,1,Region,Subotica,1,1,Zemlja,Srbija,1,1,Zapremina,0.75 L,1,1
simple,zvonko-bogdan-cuvee-no1-zvonko-bogdan,Zvonko Bogdan Cuvée No1,1,0,visible,1,2380,0,1.3,Crveno vino,https://15milja.com/images/wines/zvonko-bogdan-cuvee-no.1.png,Vinarija,Zvonko Bogdan,1,1,Region,Subotica,1,1,Zemlja,Srbija,1,1,Zapremina,0.75 L,1,1
simple,zvonko-bogdan-zivot-tece-zvonko-bogdan,Zvonko Bogdan Život Teče,1,0,visible,1,1310,0,1.3,Crveno vino,https://15milja.com/images/wines/zvonko-bogdan-%C5%BEivot-te%C4%8De.png,Vinarija,Zvonko Bogdan,1,1,Region,Subotica,1,1,Zemlja,Srbija,1,1,Zapremina,0.75 L,1,1
simple,aleksandrovic-bela-varijanta-aleksandrovic,Aleksandrović Bela Varijanta,1,0,visible,1,1390,0,1.3,Belo vino,https://15milja.com/images/wines/aleksandrovic-bela-varijanta.png,Vinarija,Aleksandrović,1,1,Region,Šumadija,1,1,Zemlja,Srbija,1,1,Zapremina,0.75 L,1,1
simple,aleksic-barbara-aleksic,Aleksić Barbara,1,0,visible,1,840,0,1.3,Belo vino,https://15milja.com/images/wines/aleksi%C4%87-barbara-rose.png,Vinarija,Aleksić,1,1,Region,Vranje,1,1,Zemlja,Srbija,1,1,Zapremina,0.75 L,1,1
simple,aleksic-zuti-cvet-aleksic,Aleksić Žuti Cvet,1,0,visible,1,1180,0,1.3,Belo vino,https://15milja.com/images/wines/aleksi%C4%87-%C5%BEuti-cvet.png,Vinarija,Aleksić,1,1,Region,Vranje,1,1,Zemlja,Srbija,1,1,Zapremina,0.75 L,1,1
simple,belo-brdo-chardonnay-belo-brdo,Belo Brdo Chardonnay,1,0,visible,1,1130,0,1.3,Belo vino,https://15milja.com/images/wines/belo-brdo-chardonnay.png,Vinarija,Belo Brdo,1,1,Region,Fruška Gora,1,1,Zemlja,Srbija,1,1,Zapremina,0.75 L,1,1
simple,belo-brdo-sauvignon-blanc-belo-brdo,Belo Brdo Sauvignon Blanc,1,0,visible,1,1250,0,1.3,Belo vino,https://15milja.com/images/wines/belo-brdo-sauvignon-blanc-0.75-l.png,Vinarija,Belo Brdo,1,1,Region,Fruška Gora,1,1,Zemlja,Srbija,1,1,Zapremina,0.75 L,1,1
simple,bjelica-babaroga-bjelica,Bjelica Babaroga,1,0,visible,1,4960,0,1.3,Belo vino,https://15milja.com/images/wines/bjelica-babaroga.png,Vinarija,Bjelica,1,1,Region,Srbija,1,1,Zemlja,Srbija,1,1,Zapremina,0.75 L,1,1
simple,budimir-tamjanika-budimir,Budimir Tamjanika,1,0,visible,1,1580,0,1.3,Belo vino,https://15milja.com/images/wines/budimir-tamjanika.png,Vinarija,Budimir,1,1,Region,Negotin,1,1,Zemlja,Srbija,1,1,Zapremina,0.75 L,1,1
simple,budimir-tamjanika-vera-budimir,Budimir Tamjanika Vera,1,0,visible,1,2140,0,1.3,Belo vino,https://15milja.com/images/wines/budimir-tamjanika-vera.png,Vinarija,Budimir,1,1,Region,Negotin,1,1,Zemlja,Srbija,1,1,Zapremina,0.75 L,1,1
simple,budimir-triada-bela-budimir,Budimir Triada Bela,1,0,visible,1,1100,0,1.3,Belo vino,https://15milja.com/images/wines/budimir-triada-bela.png,Vinarija,Budimir,1,1,Region,Negotin,1,1,Zemlja,Srbija,1,1,Zapremina,0.75 L,1,1
simple,budimir-kao-da-si-andjeo-budimir,Budimir Kao Da Si Anđeo,1,0,visible,1,1490,0,1.3,Belo vino,https://15milja.com/images/wines/budimir-i-kao-da-si-an%C4%91eo.png,Vinarija,Budimir,1,1,Region,Negotin,1,1,Zemlja,Srbija,1,1,Zapremina,0.75 L,1,1
simple,budimir-boje-lila-budimir,Budimir Boje Lila,1,0,visible,1,2140,0,1.3,Belo vino,https://15milja.com/images/wines/budimir-prokupac-boje-lila.png,Vinarija,Budimir,1,1,Region,Negotin,1,1,Zemlja,Srbija,1,1,Zapremina,0.75 L,1,1
simple,chichateau-chardonnay-chichateau,Chichateau Chardonnay,1,0,visible,1,3270,0,1.3,Belo vino,https://15milja.com/images/wines/chichateau-chichardonnay.png,Vinarija,Chichateau,1,1,Region,Srbija,1,1,Zemlja,Srbija,1,1,Zapremina,0.75 L,1,1
simple,chichateau-fabula-mala-a-bela-chichateau,Chichateau Fabula Mala a Bela,1,0,visible,1,1570,0,1.3,Belo vino,https://15milja.com/images/wines/chichateau-fabula-mala-a-bela.png,Vinarija,Chichateau,1,1,Region,Srbija,1,1,Zemlja,Srbija,1,1,Zapremina,0.75 L,1,1
simple,cilic-fume-blanc-cilic,Čilić Fumé Blanc,1,0,visible,1,1330,0,1.3,Belo vino,https://15milja.com/images/wines/cilic-fume-blanc.png,Vinarija,Čilić,1,1,Region,Srbija,1,1,Zemlja,Srbija,1,1,Zapremina,0.75 L,1,1
simple,deuric-aksiom-beli-deuric,Deurić Aksiom Beli,1,0,visible,1,1620,0,1.3,Belo vino,https://15milja.com/images/wines/deuri%C4%87-aksiom-beli.png,Vinarija,Deurić,1,1,Region,Župa,1,1,Zemlja,Srbija,1,1,Zapremina,0.75 L,1,1
simple,deuric-chardonnay-deuric,Deurić Chardonnay,1,0,visible,1,1360,0,1.3,Belo vino,https://15milja.com/images/wines/deuri%C4%87-chardonnay-classic.png,Vinarija,Deurić,1,1,Region,Župa,1,1,Zemlja,Srbija,1,1,Zapremina,0.75 L,1,1
simple,deuric-gorska-tamjanika-deuric,Deurić Gorska Tamjanika,1,0,visible,1,1460,0,1.3,Belo vino,https://15milja.com/images/wines/deuri%C4%87-gorska-tamjanika.png,Vinarija,Deurić,1,1,Region,Župa,1,1,Zemlja,Srbija,1,1,Zapremina,0.75 L,1,1
simple,deuric-sauvignon-blanc-deuric,Deurić Sauvignon Blanc,1,0,visible,1,1170,0,1.3,Belo vino,https://15milja.com/images/wines/deuric-sauvignon.png,Vinarija,Deurić,1,1,Region,Župa,1,1,Zemlja,Srbija,1,1,Zapremina,0.75 L,1,1
simple,doja-belo-doja,Doja Belo,1,0,visible,1,1220,0,1.3,Belo vino,https://15milja.com/images/wines/doja-belo.png,Vinarija,Doja,1,1,Region,Srbija,1,1,Zemlja,Srbija,1,1,Zapremina,0.75 L,1,1
simple,doja-tamjanika-doja,Doja Tamjanika,1,0,visible,1,1220,0,1.3,Belo vino,https://15milja.com/images/wines/doja-tamjanika.png,Vinarija,Doja,1,1,Region,Srbija,1,1,Zemlja,Srbija,1,1,Zapremina,0.75 L,1,1
simple,enjingi-rajnski-rizling-enjingi,Enjingi Rajnski Rizling,1,0,visible,1,1600,0,1.3,Belo vino,https://15milja.com/images/wines/enjingi-rajnski-rizling.png,Vinarija,Enjingi,1,1,Region,Fruška Gora,1,1,Zemlja,Srbija,1,1,Zapremina,0.75 L,1,1
simple,enjingi-venje-enjingi,Enjingi Venje,1,0,visible,1,3180,0,1.3,Belo vino,https://15milja.com/images/wines/enjingi-venje.png,Vinarija,Enjingi,1,1,Region,Fruška Gora,1,1,Zemlja,Srbija,1,1,Zapremina,0.75 L,1,1
simple,erdevik-bella-novela-erdevik,Erdevik Bella Novela,1,0,visible,1,1290,0,1.3,Belo vino,https://15milja.com/images/wines/erdevik-bella-novela.png,Vinarija,Erdevik,1,1,Region,Fruška Gora,1,1,Zemlja,Srbija,1,1,Zapremina,0.75 L,1,1
simple,erdevik-tri-bele-koze-erdevik,Erdevik Tri Bele Koze,1,0,visible,1,810,0,1.3,Belo vino,https://15milja.com/images/wines/erdevik-tri-bele-koze-0.75-l.png,Vinarija,Erdevik,1,1,Region,Fruška Gora,1,1,Zemlja,Srbija,1,1,Zapremina,0.75 L,1,1
simple,grasevic-mitrovac-grasevic,Grašević Mitrovac,1,0,visible,1,1470,0,1.3,Belo vino,https://15milja.com/images/wines/grasevic-mitrovac.png,Vinarija,Grašević,1,1,Region,Srbija,1,1,Zemlja,Srbija,1,1,Zapremina,0.75 L,1,1
simple,jovic-chardonnay-jovic,Jović Chardonnay,1,0,visible,1,1110,0,1.3,Belo vino,https://15milja.com/images/wines/jovi%C4%87-chardonnay.png,Vinarija,Jović,1,1,Region,Srbija,1,1,Zemlja,Srbija,1,1,Zapremina,0.75 L,1,1
simple,jovic-rajnski-rizling-jovic,Jović Rajnski Rizling,1,0,visible,1,1110,0,1.3,Belo vino,https://15milja.com/images/wines/jovic-rajnski-rizling.png,Vinarija,Jović,1,1,Region,Srbija,1,1,Zemlja,Srbija,1,1,Zapremina,0.75 L,1,1
simple,jovic-sauvignon-blanc-jovic,Jović Sauvignon Blanc,1,0,visible,1,1250,0,1.3,Belo vino,https://15milja.com/images/wines/jovic-sauvignon.png,Vinarija,Jović,1,1,Region,Srbija,1,1,Zemlja,Srbija,1,1,Zapremina,0.75 L,1,1
simple,kovacevic-aurelius-kovacevic,Kovačević Aurelius,1,0,visible,1,1590,0,1.3,Belo vino,https://15milja.com/images/wines/kova%C4%8Devi%C4%87-aurelius.png,Vinarija,Kovačević,1,1,Region,Fruška Gora,1,1,Zemlja,Srbija,1,1,Zapremina,0.75 L,1,1
simple,kovacevic-aurelius-s-kovacevic,Kovačević Aurelius S,1,0,visible,1,2780,0,1.3,Belo vino,https://15milja.com/images/wines/kova%C4%8Devi%C4%87-aurelius-s-1%2C5-l.png,Vinarija,Kovačević,1,1,Region,Fruška Gora,1,1,Zemlja,Srbija,1,1,Zapremina,0.75 L,1,1
simple,kovacevic-chardonnay-kovacevic,Kovačević Chardonnay,1,0,visible,1,1460,0,1.3,Belo vino,https://15milja.com/images/wines/kova%C4%8Devi%C4%87-chardonnay.png,Vinarija,Kovačević,1,1,Region,Fruška Gora,1,1,Zemlja,Srbija,1,1,Zapremina,0.75 L,1,1
simple,kovacevic-fresco-bianco-kovacevic,Kovačević Fresco Bianco,1,0,visible,1,1150,0,1.3,Belo vino,https://15milja.com/images/wines/kova%C4%8Devi%C4%87-fresco-bianco.png,Vinarija,Kovačević,1,1,Region,Fruška Gora,1,1,Zemlja,Srbija,1,1,Zapremina,0.75 L,1,1
simple,kovacevic-orphelin-beli-kovacevic,Kovačević Orphelin Beli,1,0,visible,1,500,0,0.5,Belo vino,https://15milja.com/images/wines/kovacevic-orphelin-beli.png,Vinarija,Kovačević,1,1,Region,Fruška Gora,1,1,Zemlja,Srbija,1,1,Zapremina,0.187l,1,1
simple,kovacevic-sauvignon-kovacevic,Kovačević Sauvignon,1,0,visible,1,1390,0,1.3,Belo vino,https://15milja.com/images/wines/kova%C4%8Devi%C4%87-sauvignon-edicija-s.png,Vinarija,Kovačević,1,1,Region,Fruška Gora,1,1,Zemlja,Srbija,1,1,Zapremina,0.75 L,1,1
simple,lastar-tamjanika-lastar,Lastar Tamjanika,1,0,visible,1,1560,0,1.3,Belo vino,https://15milja.com/images/wines/lastar-tamjanika.png,Vinarija,Lastar,1,1,Region,Srbija,1,1,Zemlja,Srbija,1,1,Zapremina,0.75 L,1,1
simple,legat-tamjanika-legat,Legat Tamjanika,1,0,visible,1,1220,0,1.3,Belo vino,https://15milja.com/images/wines/legat-tamjanika.png,Vinarija,Legat,1,1,Region,Srbija,1,1,Zemlja,Srbija,1,1,Zapremina,0.75 L,1,1
simple,mackov-podrum-chardonnay-mackov-podrum,Mačkov Podrum Chardonnay,1,0,visible,1,1320,0,1.3,Belo vino,https://15milja.com/images/wines/mackov-podrum-chardonnay.png,Vinarija,Mačkov Podrum,1,1,Region,Fruška Gora,1,1,Zemlja,Srbija,1,1,Zapremina,0.75 L,1,1
simple,mackov-podrum-frajla-mackov-podrum,Mačkov Podrum Frajla,1,0,visible,1,890,0,1.3,Belo vino,https://15milja.com/images/wines/mackov-podrum-frajla.png,Vinarija,Mačkov Podrum,1,1,Region,Fruška Gora,1,1,Zemlja,Srbija,1,1,Zapremina,0.75 L,1,1
simple,mackov-podrum-traminac-mackov-podrum,Mačkov Podrum Traminac,1,0,visible,1,1160,0,1.3,Belo vino,https://15milja.com/images/wines/mackov-podrum-traminac.png,Vinarija,Mačkov Podrum,1,1,Region,Fruška Gora,1,1,Zemlja,Srbija,1,1,Zapremina,0.75 L,1,1
simple,magaza-chardonnay-magaza,Magaza Chardonnay,1,0,visible,1,1590,0,1.3,Belo vino,https://15milja.com/images/wines/magaza-chardonnay.png,Vinarija,Magaza,1,1,Region,Srbija,1,1,Zemlja,Srbija,1,1,Zapremina,0.75 L,1,1
simple,magaza-tamjanika-magaza,Magaza Tamjanika,1,0,visible,1,1410,0,1.3,Belo vino,https://15milja.com/images/wines/magaza-tamjanika.png,Vinarija,Magaza,1,1,Region,Srbija,1,1,Zemlja,Srbija,1,1,Zapremina,0.75 L,1,1
simple,manastir-bukovo-chardonnay-lux-manastir-bukovo,Manastir Bukovo Chardonnay LUX,1,0,visible,1,2010,0,1.3,Belo vino,https://15milja.com/images/wines/bukovo-chardonnay-lux.png,Vinarija,Manastir Bukovo,1,1,Region,Srbija,1,1,Zemlja,Srbija,1,1,Zapremina,0.75 L,1,1
simple,matalj-chardonnay-terasa-matalj,Matalj Chardonnay Terasa,1,0,visible,1,1460,0,1.3,Belo vino,https://15milja.com/images/wines/matalj-chardonnay-terasa.png,Vinarija,Matalj,1,1,Region,Negotin,1,1,Zemlja,Srbija,1,1,Zapremina,0.75 L,1,1
simple,matalj-sauvignon-terasa-matalj,Matalj Sauvignon Terasa,1,0,visible,1,1280,0,1.3,Belo vino,https://15milja.com/images/wines/matalj-sauvignon-terasa.png,Vinarija,Matalj,1,1,Region,Negotin,1,1,Zemlja,Srbija,1,1,Zapremina,0.75 L,1,1
simple,matijasevic-sovinoa-fume-blanc-matijasevic,Matijašević SoviNoa Fumé Blanc,1,0,visible,1,5780,0,1.3,Belo vino,https://15milja.com/images/wines/matija%C5%A1evi%C4%87-sovinoa-fume-blanc.png,Vinarija,Matijašević,1,1,Region,Šumadija,1,1,Zemlja,Srbija,1,1,Zapremina,0.75 L,1,1
simple,minic-tamjanika-minic,Minić Tamjanika,1,0,visible,1,1250,0,1.3,Belo vino,https://15milja.com/images/wines/minic-tamjanika.png,Vinarija,Minić,1,1,Region,Srbija,1,1,Zemlja,Srbija,1,1,Zapremina,0.75 L,1,1
simple,porta-chardonnay-porta,Porta Chardonnay,1,0,visible,1,1390,0,1.3,Belo vino,https://15milja.com/images/wines/porta-chardonnay.png,Vinarija,Porta,1,1,Region,Srbija,1,1,Zemlja,Srbija,1,1,Zapremina,0.75 L,1,1
simple,porta-sauvignon-blanc-porta,Porta Sauvignon Blanc,1,0,visible,1,1230,0,1.3,Belo vino,https://15milja.com/images/wines/porta-sauvignon.png,Vinarija,Porta,1,1,Region,Srbija,1,1,Zemlja,Srbija,1,1,Zapremina,0.75 L,1,1
simple,pusula-chardonnay-pusula,Pusula Chardonnay,1,0,visible,1,920,0,1.3,Belo vino,https://15milja.com/images/wines/pusula-chardonnay.png,Vinarija,Pusula,1,1,Region,Srbija,1,1,Zemlja,Srbija,1,1,Zapremina,0.75 L,1,1
simple,pusula-sauvignon-blanc-pusula,Pusula Sauvignon Blanc,1,0,visible,1,1040,0,1.3,Belo vino,https://15milja.com/images/wines/pusula-sauvignon-blanc.png,Vinarija,Pusula,1,1,Region,Srbija,1,1,Zemlja,Srbija,1,1,Zapremina,0.75 L,1,1
simple,pusula-traminac-pusula,Pusula Traminac,1,0,visible,1,1040,0,1.3,Belo vino,https://15milja.com/images/wines/pusula-traminac.png,Vinarija,Pusula,1,1,Region,Srbija,1,1,Zemlja,Srbija,1,1,Zapremina,0.75 L,1,1
simple,radovanovic-chardonnay-radovanovic,Radovanović Chardonnay,1,0,visible,1,1520,0,1.3,Belo vino,https://15milja.com/images/wines/radovanovi%C4%87-chardonnay-classique.png,Vinarija,Radovanović,1,1,Region,Šumadija,1,1,Zemlja,Srbija,1,1,Zapremina,0.75 L,1,1
simple,radovanovic-chardonnay-selekcija-radovanovic,Radovanović Chardonnay Selekcija,1,0,visible,1,2290,0,1.3,Belo vino,https://15milja.com/images/wines/radovanovi%C4%87-chardonnay-selekcija.png,Vinarija,Radovanović,1,1,Region,Šumadija,1,1,Zemlja,Srbija,1,1,Zapremina,0.75 L,1,1
simple,radovanovic-sauvignon-radovanovic,Radovanović Sauvignon,1,0,visible,1,1180,0,1.3,Belo vino,https://15milja.com/images/wines/radovanovi%C4%87-cabernet-sauvignon-classique.png,Vinarija,Radovanović,1,1,Region,Šumadija,1,1,Zemlja,Srbija,1,1,Zapremina,0.75 L,1,1
simple,spasic-tamjanika-spasic,Spasić Tamjanika,1,0,visible,1,1090,0,1.3,Belo vino,https://15milja.com/images/wines/spasi%C4%87-tamnjanika.png,Vinarija,Spasić,1,1,Region,Srbija,1,1,Zemlja,Srbija,1,1,Zapremina,0.75 L,1,1
simple,temet-ergo-belo-temet,Temet Ergo Belo,1,0,visible,1,3290,0,1.3,Belo vino,https://15milja.com/images/wines/temet-ergo-belo.png,Vinarija,Temet,1,1,Region,Tri Morave,1,1,Zemlja,Srbija,1,1,Zapremina,0.75 L,1,1
simple,temet-tri-morave-belo-temet,Temet Tri Morave Belo,1,0,visible,1,1890,0,1.3,Belo vino,https://15milja.com/images/wines/temet-tri-morave-belo-0.75-l.png,Vinarija,Temet,1,1,Region,Tri Morave,1,1,Zemlja,Srbija,1,1,Zapremina,0.75 L,1,1
simple,tonkovic-tamjanika-tonkovic,Tonković Tamjanika,1,0,visible,1,1350,0,1.3,Belo vino,https://15milja.com/images/wines/tonkovic-tamjanika.png,Vinarija,Tonković,1,1,Region,Srbija,1,1,Zemlja,Srbija,1,1,Zapremina,0.75 L,1,1
simple,trivanovic-pinot-grigio-trivanovic,Trivanović Pinot Grigio,1,0,visible,1,1370,0,1.3,Belo vino,https://15milja.com/images/wines/trivanovic-pinot-grigio.png,Vinarija,Trivanović,1,1,Region,Srbija,1,1,Zemlja,Srbija,1,1,Zapremina,0.75 L,1,1
simple,varina-tamjanika-varina,Varina Tamjanika,1,0,visible,1,1090,0,1.3,Belo vino,https://15milja.com/images/wines/varina-tamjanika.png,Vinarija,Varina,1,1,Region,Srbija,1,1,Zemlja,Srbija,1,1,Zapremina,0.75 L,1,1
simple,virtus-gewurztraminer-virtus,Virtus Gewürztraminer,1,0,visible,1,1300,0,1.3,Belo vino,https://15milja.com/images/wines/virtus-gewurztraminer-0.75-l.png,Vinarija,Virtus,1,1,Region,Srbija,1,1,Zemlja,Srbija,1,1,Zapremina,0.75 L,1,1
simple,virtus-mlavac-beli-virtus,Virtus Mlavac Beli,1,0,visible,1,790,0,1.3,Belo vino,https://15milja.com/images/wines/virtus-mlavac-beli.png,Vinarija,Virtus,1,1,Region,Srbija,1,1,Zemlja,Srbija,1,1,Zapremina,0.75 L,1,1
simple,virtus-morava-virtus,Virtus Morava,1,0,visible,1,1300,0,1.3,Belo vino,https://15milja.com/images/wines/virtus-morava.png,Vinarija,Virtus,1,1,Region,Srbija,1,1,Zemlja,Srbija,1,1,Zapremina,0.75 L,1,1
simple,virtus-pinot-grigio-virtus,Virtus Pinot Grigio,1,0,visible,1,990,0,1.3,Belo vino,https://15milja.com/images/wines/virtus-pinot-grigio.png,Vinarija,Virtus,1,1,Region,Srbija,1,1,Zemlja,Srbija,1,1,Zapremina,0.75 L,1,1
simple,zvonko-bogdan-pinot-blanc-zvonko-bogdan,Zvonko Bogdan Pinot Blanc,1,0,visible,1,1790,0,1.3,Belo vino,https://15milja.com/images/wines/zvonko-bogdan-pinot-blanc.png,Vinarija,Zvonko Bogdan,1,1,Region,Subotica,1,1,Zemlja,Srbija,1,1,Zapremina,0.75 L,1,1
simple,zvonko-bogdan-sauvignon-blanc-zvonko-bogdan,Zvonko Bogdan Sauvignon Blanc,1,0,visible,1,1570,0,1.3,Belo vino,https://15milja.com/images/wines/zvonko-bogdan-sauvignon.png,Vinarija,Zvonko Bogdan,1,1,Region,Subotica,1,1,Zemlja,Srbija,1,1,Zapremina,0.75 L,1,1
simple,aleksandrovic-roze-penusavo-aleksandrovic,Aleksandrović Roze Penušavo,1,0,visible,1,2060,0,1.3,Roze vino,https://15milja.com/images/wines/aleksandrovic-roze-penusavo.png,Vinarija,Aleksandrović,1,1,Region,Šumadija,1,1,Zemlja,Srbija,1,1,Zapremina,0.75 L,1,1
simple,bjelica-evil-rose-bjelica,Bjelica Evil Rose,1,0,visible,1,1320,0,1.3,Roze vino,https://15milja.com/images/wines/bjelica-evil-rose.png,Vinarija,Bjelica,1,1,Region,Srbija,1,1,Zemlja,Srbija,1,1,Zapremina,0.75 L,1,1
simple,budimir-triada-rose-budimir,Budimir Triada Rose,1,0,visible,1,1080,0,1.3,Roze vino,https://15milja.com/images/wines/budimir-triada-rose.png,Vinarija,Budimir,1,1,Region,Negotin,1,1,Zemlja,Srbija,1,1,Zapremina,0.75 L,1,1
simple,chichateau-pink-punk-chichateau,Chichateau Pink Punk,1,0,visible,1,1370,0,1.3,Roze vino,https://15milja.com/images/wines/chichateau-pink-punk.png,Vinarija,Chichateau,1,1,Region,Srbija,1,1,Zemlja,Srbija,1,1,Zapremina,0.75 L,1,1
simple,cilic-onyx-rose-cilic,Čilić Onyx Rose,1,0,visible,1,1200,0,1.3,Roze vino,https://15milja.com/images/wines/cilic-onyx-rose.png,Vinarija,Čilić,1,1,Region,Srbija,1,1,Zemlja,Srbija,1,1,Zapremina,0.75 L,1,1
simple,doja-rose-doja,Doja Rose,1,0,visible,1,1020,0,1.3,Roze vino,https://15milja.com/images/wines/doja-rose.png,Vinarija,Doja,1,1,Region,Srbija,1,1,Zemlja,Srbija,1,1,Zapremina,0.75 L,1,1
simple,erdevik-rose-nostra-erdevik,Erdevik Rose Nostra,1,0,visible,1,1350,0,1.3,Roze vino,https://15milja.com/images/wines/erdevik-roza-nostra.png,Vinarija,Erdevik,1,1,Region,Fruška Gora,1,1,Zemlja,Srbija,1,1,Zapremina,0.75 L,1,1
simple,erdevik-rose-nostra-1-5l-erdevik,Erdevik Rose Nostra 1.5L,1,0,visible,1,2820,0,1.3,Roze vino,https://15milja.com/images/wines/erdevik-roza-nostra-1.5l.png,Vinarija,Erdevik,1,1,Region,Fruška Gora,1,1,Zemlja,Srbija,1,1,Zapremina,0.75 L,1,1
simple,erdevik-tri-rose-koze-erdevik,Erdevik Tri Rose Koze,1,0,visible,1,810,0,1.3,Roze vino,https://15milja.com/images/wines/erdevik-tri-rose-koze.png,Vinarija,Erdevik,1,1,Region,Fruška Gora,1,1,Zemlja,Srbija,1,1,Zapremina,0.75 L,1,1
simple,iconic-rose-iconic,Iconic Rose,1,0,visible,1,1610,0,1.3,Roze vino,,Vinarija,Iconic,1,1,Region,Srbija,1,1,Zemlja,Srbija,1,1,Zapremina,0.75 L,1,1
simple,jovic-rose-dionizije-jovic,Jović Rose Dionizije,1,0,visible,1,970,0,1.3,Roze vino,https://15milja.com/images/wines/jovic-rose-dionizije.png,Vinarija,Jović,1,1,Region,Srbija,1,1,Zemlja,Srbija,1,1,Zapremina,0.75 L,1,1
simple,kovacevic-rosetto-kovacevic,Kovačević Rosetto,1,0,visible,1,1040,0,1.3,Roze vino,https://15milja.com/images/wines/kovacevic-rosetto.png,Vinarija,Kovačević,1,1,Region,Fruška Gora,1,1,Zemlja,Srbija,1,1,Zapremina,0.75 L,1,1
simple,kovacevic-orphe-rose-kovacevic,Kovačević Orphe Rose,1,0,visible,1,280,0,0.5,Roze vino,https://15milja.com/images/wines/kovacevic-orphelin-rose.png,Vinarija,Kovačević,1,1,Region,Fruška Gora,1,1,Zemlja,Srbija,1,1,Zapremina,0.187l,1,1
simple,legat-rose-legat,Legat Rose,1,0,visible,1,1220,0,1.3,Roze vino,https://15milja.com/images/wines/legat-rose.png,Vinarija,Legat,1,1,Region,Srbija,1,1,Zemlja,Srbija,1,1,Zapremina,0.75 L,1,1
simple,magaza-rose-magaza,Magaza Rose,1,0,visible,1,1140,0,1.3,Roze vino,https://15milja.com/images/wines/magaza-rose.png,Vinarija,Magaza,1,1,Region,Srbija,1,1,Zemlja,Srbija,1,1,Zapremina,0.75 L,1,1
simple,porta-rose-porta,Porta Rose,1,0,visible,1,1140,0,1.3,Roze vino,https://15milja.com/images/wines/porta-rose.png,Vinarija,Porta,1,1,Region,Srbija,1,1,Zemlja,Srbija,1,1,Zapremina,0.75 L,1,1
simple,radovanovic-rose-radovanovic,Radovanović Rose,1,0,visible,1,1180,0,1.3,Roze vino,https://15milja.com/images/wines/radovanovi%C4%87-rose.png,Vinarija,Radovanović,1,1,Region,Šumadija,1,1,Zemlja,Srbija,1,1,Zapremina,0.75 L,1,1
simple,temet-tri-morave-rose-temet,Temet Tri Morave Rose,1,0,visible,1,1520,0,1.3,Roze vino,https://15milja.com/images/wines/temet-tri-morave-rose-0.75-l.png,Vinarija,Temet,1,1,Region,Tri Morave,1,1,Zemlja,Srbija,1,1,Zapremina,0.75 L,1,1
simple,tonkovic-kadarka-rose-tonkovic,Tonković Kadarka Rose,1,0,visible,1,1180,0,1.3,Roze vino,https://15milja.com/images/wines/tonkovic-kadarka-rose.png,Vinarija,Tonković,1,1,Region,Srbija,1,1,Zemlja,Srbija,1,1,Zapremina,0.75 L,1,1
simple,trivanovic-lex-rose-trivanovic,Trivanović Lex Rose,1,0,visible,1,1370,0,1.3,Roze vino,https://15milja.com/images/wines/trivanovic-lex-rose.png,Vinarija,Trivanović,1,1,Region,Srbija,1,1,Zemlja,Srbija,1,1,Zapremina,0.75 L,1,1
simple,varina-jagoda-varina,Varina Jagoda,1,0,visible,1,2720,0,1.3,Roze vino,https://15milja.com/images/wines/varina-jagoda.png,Vinarija,Varina,1,1,Region,Srbija,1,1,Zemlja,Srbija,1,1,Zapremina,0.75 L,1,1
simple,zvonko-bogdan-rose-sec-zvonko-bogdan,Zvonko Bogdan Rose Sec,1,0,visible,1,1430,0,1.3,Roze vino,https://15milja.com/images/wines/zvonko-bogdan-rose-sec.png,Vinarija,Zvonko Bogdan,1,1,Region,Subotica,1,1,Zemlja,Srbija,1,1,Zapremina,0.75 L,1,1
simple,bjelica-babaroga-penusavo-bjelica,Bjelica Babaroga Penušavo,1,0,visible,1,5900,0,1.3,Penušavo vino,https://15milja.com/images/wines/bjelica-babaroga-penu%C5%A1avac.png,Vinarija,Bjelica,1,1,Region,Srbija,1,1,Zemlja,Srbija,1,1,Zapremina,0.75 L,1,1
simple,monarh-immortal-cuvee-monarh,Monarh Immortal Cuvée,1,0,visible,1,190,0,0.5,Penušavo vino,https://15milja.com/images/wines/monarh-immortal-cuvee.png,Vinarija,Monarh,1,1,Region,Srbija,1,1,Zemlja,Srbija,1,1,Zapremina,0.187l,1,1
simple,belo-brdo-bermet-belo-brdo,Belo Brdo Bermet,1,0,visible,1,1400,0,1.3,Specijalno,https://15milja.com/images/wines/belo-brdo-bermet.png,Vinarija,Belo Brdo,1,1,Region,Fruška Gora,1,1,Zemlja,Srbija,1,1,Zapremina,0.75 L,1,1
simple,bermet-crveni-kis-kis,Bermet Crveni Kis,1,0,visible,1,1300,0,1.3,Specijalno,https://15milja.com/images/wines/ki%C5%A1-bermet-crveni.png,Vinarija,Kis,1,1,Region,Fruška Gora,1,1,Zemlja,Srbija,1,1,Zapremina,0.75 L,1,1
simple,bibich-babich-bibich,Bibich Babich,1,0,visible,1,3140,0,1.3,Crveno vino,https://15milja.com/images/wines/bibich-babich.png,Vinarija,Bibich,1,1,Region,Dalmacija,1,1,Zemlja,Hrvatska,1,1,Zapremina,0.75 L,1,1
simple,bibich-bas-de-bas-bibich,Bibich Bas De Bas,1,0,visible,1,9500,0,1.3,Crveno vino,https://15milja.com/images/wines/bibich-bas-de-bas.png,Vinarija,Bibich,1,1,Region,Dalmacija,1,1,Zemlja,Hrvatska,1,1,Zapremina,0.75 L,1,1
simple,bibich-r5-bibich,Bibich R5,1,0,visible,1,1990,0,1.3,Belo vino,https://15milja.com/images/wines/bibich-r5.png,Vinarija,Bibich,1,1,Region,Dalmacija,1,1,Zemlja,Hrvatska,1,1,Zapremina,0.75 L,1,1
simple,bibich-r6-bibich,Bibich R6,1,0,visible,1,1990,0,1.3,Crveno vino,https://15milja.com/images/wines/bibich-r6.png,Vinarija,Bibich,1,1,Region,Dalmacija,1,1,Zemlja,Hrvatska,1,1,Zapremina,0.75 L,1,1
simple,matusko-dingac-matusko,Matuško Dingač,1,0,visible,1,3450,0,1.3,Crveno vino,https://15milja.com/images/wines/matusko-dingac.png,Vinarija,Matuško,1,1,Region,Pelješac,1,1,Zemlja,Hrvatska,1,1,Zapremina,0.75 L,1,1
simple,matusko-dingac-reserve-matusko,Matuško Dingač Reserve,1,0,visible,1,5910,0,1.3,Crveno vino,https://15milja.com/images/wines/matusko-dingac-reserve.png,Vinarija,Matuško,1,1,Region,Pelješac,1,1,Zemlja,Hrvatska,1,1,Zapremina,0.75 L,1,1
simple,matusko-dingac-royal-matusko,Matuško Dingač Royal,1,0,visible,1,9150,0,1.3,Crveno vino,https://15milja.com/images/wines/matusko-dingac-royal.png,Vinarija,Matuško,1,1,Region,Pelješac,1,1,Zemlja,Hrvatska,1,1,Zapremina,0.75 L,1,1
simple,matusko-postup-matusko,Matuško Postup,1,0,visible,1,2800,0,1.3,Crveno vino,https://15milja.com/images/wines/matusko-postup.png,Vinarija,Matuško,1,1,Region,Pelješac,1,1,Zemlja,Hrvatska,1,1,Zapremina,0.75 L,1,1
simple,rnjak-cabernet-rnjak,Rnjak Cabernet,1,0,visible,1,1560,0,1.3,Crveno vino,https://15milja.com/images/wines/rnjak-cabernet.png,Vinarija,Rnjak,1,1,Region,Banat,1,1,Zemlja,Srbija,1,1,Zapremina,0.75 L,1,1
simple,rnjak-crveni-puz-rnjak,Rnjak Crveni Puz,1,0,visible,1,1810,0,1.3,Crveno vino,https://15milja.com/images/wines/rnjak-crveni-puz.png,Vinarija,Rnjak,1,1,Region,Banat,1,1,Zemlja,Srbija,1,1,Zapremina,0.75 L,1,1
simple,rnjak-cuvee-de-rgnac-rnjak,Rnjak Cuvée De Rgnac,1,0,visible,1,1950,0,1.3,Crveno vino,https://15milja.com/images/wines/rnjak-cuvee-de-rgnac.png,Vinarija,Rnjak,1,1,Region,Banat,1,1,Zemlja,Srbija,1,1,Zapremina,0.75 L,1,1
simple,rnjak-pinot-noir-rnjak,Rnjak Pinot Noir,1,0,visible,1,2080,0,1.3,Crveno vino,https://15milja.com/images/wines/rnjak-pinot-noir.png,Vinarija,Rnjak,1,1,Region,Banat,1,1,Zemlja,Srbija,1,1,Zapremina,0.75 L,1,1
simple,rnjak-skala-rnjak,Rnjak Skala,1,0,visible,1,1810,0,1.3,Crveno vino,https://15milja.com/images/wines/rnjak-skala.png,Vinarija,Rnjak,1,1,Region,Banat,1,1,Zemlja,Srbija,1,1,Zapremina,0.75 L,1,1
simple,stina-plavac-mali-stina,Stina Plavac Mali,1,0,visible,1,2250,0,1.3,Crveno vino,https://15milja.com/images/wines/stina-plavac-mali.png,Vinarija,Stina,1,1,Region,Brač,1,1,Zemlja,Hrvatska,1,1,Zapremina,0.75 L,1,1
simple,stina-plavac-mali-barrique-stina,Stina Plavac Mali Barrique,1,0,visible,1,4620,0,1.3,Crveno vino,https://15milja.com/images/wines/stina-plavac-barrique.png,Vinarija,Stina,1,1,Region,Brač,1,1,Zemlja,Hrvatska,1,1,Zapremina,0.75 L,1,1
simple,zlatan-plavac-zlatan,Zlatan Plavac,1,0,visible,1,1750,0,1.3,Crveno vino,https://15milja.com/images/wines/zlatan-plavac.png,Vinarija,Zlatan,1,1,Region,Hvar,1,1,Zemlja,Hrvatska,1,1,Zapremina,0.75 L,1,1
simple,zlatan-plavac-premium-zlatan,Zlatan Plavac Premium,1,0,visible,1,2400,0,1.3,Crveno vino,https://15milja.com/images/wines/zlatan-plavac-premium.png,Vinarija,Zlatan,1,1,Region,Hvar,1,1,Zemlja,Hrvatska,1,1,Zapremina,0.75 L,1,1
simple,fakin-teran-fakin,Fakin Teran,1,0,visible,1,1890,0,1.3,Crveno vino,https://15milja.com/images/wines/fakin-teran.png,Vinarija,Fakin,1,1,Region,Istra,1,1,Zemlja,Hrvatska,1,1,Zapremina,0.75 L,1,1
simple,deklic-malvazija-deklic,Deklić Malvazija,1,0,visible,1,2140,0,1.3,Belo vino,https://15milja.com/images/wines/deklic-malvazija.png,Vinarija,Deklić,1,1,Region,Istra,1,1,Zemlja,Hrvatska,1,1,Zapremina,0.75 L,1,1
simple,fakin-malvazija-fakin,Fakin Malvazija,1,0,visible,1,1860,0,1.3,Belo vino,https://15milja.com/images/wines/fakin-malvazija.png,Vinarija,Fakin,1,1,Region,Istra,1,1,Zemlja,Hrvatska,1,1,Zapremina,0.75 L,1,1
simple,festigia-malvazija-festigia,Festigia Malvazija,1,0,visible,1,2220,0,1.3,Belo vino,https://15milja.com/images/wines/festigia-malvazija.png,Vinarija,Festigia,1,1,Region,Istra,1,1,Zemlja,Hrvatska,1,1,Zapremina,0.75 L,1,1
simple,kabola-malvazija-istarska-kabola,Kabola Malvazija Istarska,1,0,visible,1,2090,0,1.3,Belo vino,https://15milja.com/images/wines/kabola-malvazija.png,Vinarija,Kabola,1,1,Region,Istra,1,1,Zemlja,Hrvatska,1,1,Zapremina,0.75 L,1,1
simple,kozlovic-malvazija-kozlovic,Kozlović Malvazija,1,0,visible,1,2600,0,1.3,Belo vino,https://15milja.com/images/wines/kozlovic-malvazija.png,Vinarija,Kozlović,1,1,Region,Istra,1,1,Zemlja,Hrvatska,1,1,Zapremina,0.75 L,1,1
simple,meneghetti-malvazija-meneghetti,Meneghetti Malvazija,1,0,visible,1,1930,0,1.3,Belo vino,https://15milja.com/images/wines/meneghetti-malvazija.png,Vinarija,Meneghetti,1,1,Region,Istra,1,1,Zemlja,Hrvatska,1,1,Zapremina,0.75 L,1,1
simple,posip-cara-marko-polo-cara,Pošip Cara Marko Polo,1,0,visible,1,3410,0,1.3,Belo vino,https://15milja.com/images/wines/posip-cara-marko-polo.png,Vinarija,Cara,1,1,Region,Korčula,1,1,Zemlja,Hrvatska,1,1,Zapremina,0.75 L,1,1
simple,posip-cara-cara,Pošip Cara,1,0,visible,1,2500,0,1.3,Belo vino,https://15milja.com/images/wines/posip-cara.png,Vinarija,Cara,1,1,Region,Korčula,1,1,Zemlja,Hrvatska,1,1,Zapremina,0.75 L,1,1
simple,posip-nerica-nerica,Pošip Nerica,1,0,visible,1,3990,0,1.3,Belo vino,https://15milja.com/images/wines/posip-nerica.png,Vinarija,Nerica,1,1,Region,Korčula,1,1,Zemlja,Hrvatska,1,1,Zapremina,0.75 L,1,1
simple,rnjak-chardonnay-rnjak,Rnjak Chardonnay,1,0,visible,1,1300,0,1.3,Belo vino,https://15milja.com/images/wines/rnjak-chardonnay.png,Vinarija,Rnjak,1,1,Region,Banat,1,1,Zemlja,Srbija,1,1,Zapremina,0.75 L,1,1
simple,rnjak-sauvignon-rnjak,Rnjak Sauvignon,1,0,visible,1,1170,0,1.3,Belo vino,https://15milja.com/images/wines/rnjak-sauvignon-blanc.png,Vinarija,Rnjak,1,1,Region,Banat,1,1,Zemlja,Srbija,1,1,Zapremina,0.75 L,1,1
simple,zlatna-vrbnick-zlahtina-zlatna,Zlatna Vrbničkа Žlahtina,1,0,visible,1,1450,0,1.3,Belo vino,https://15milja.com/images/wines/zlatna-vrbnicka-zlahtina.png,Vinarija,Zlatna,1,1,Region,Krk,1,1,Zemlja,Hrvatska,1,1,Zapremina,0.75 L,1,1
simple,medea-chardonnay-medea,MEDEA Chardonnay,1,0,visible,1,1570,0,1.3,Belo vino,https://15milja.com/images/wines/medea-chardonnay-0.75l.png,Vinarija,MEDEA,1,1,Region,Hrvatska,1,1,Zemlja,Hrvatska,1,1,Zapremina,0.75 L,1,1
simple,medea-malvazija-medea,MEDEA Malvazija,1,0,visible,1,1570,0,1.3,Belo vino,https://15milja.com/images/wines/medea-malvazija-istarska-0.75-l.png,Vinarija,MEDEA,1,1,Region,Hrvatska,1,1,Zemlja,Hrvatska,1,1,Zapremina,0.75 L,1,1
simple,meneghetti-rose-meneghetti,Meneghetti Rose,1,0,visible,1,2060,0,1.3,Roze vino,https://15milja.com/images/wines/meneghetti-rose-brut.png,Vinarija,Meneghetti,1,1,Region,Istra,1,1,Zemlja,Hrvatska,1,1,Zapremina,0.75 L,1,1
simple,meneghetti-merlot-meneghetti,Meneghetti Merlot,1,0,visible,1,2180,0,1.3,Crveno vino,https://15milja.com/images/wines/meneghetti-merlot.png,Vinarija,Meneghetti,1,1,Region,Istra,1,1,Zemlja,Hrvatska,1,1,Zapremina,0.75 L,1,1
simple,medea-rose-medea,MEDEA Rose,1,0,visible,1,1570,0,1.3,Roze vino,https://15milja.com/images/wines/medea-rose-0.75-l.png,Vinarija,MEDEA,1,1,Region,Hrvatska,1,1,Zemlja,Hrvatska,1,1,Zapremina,0.75 L,1,1
simple,rnjak-rose-rnjak,Rnjak Rose,1,0,visible,1,880,0,1.3,Roze vino,https://15milja.com/images/wines/rnjak-rose.png,Vinarija,Rnjak,1,1,Region,Banat,1,1,Zemlja,Srbija,1,1,Zapremina,0.75 L,1,1
simple,antonini-nero-d-avola-antonini,Antonini Nero D'Avola,1,0,visible,1,840,0,1.3,Crveno vino,,Vinarija,Antonini,1,1,Region,Sicilija,1,1,Zemlja,Italija,1,1,Zapremina,0.75 L,1,1
simple,collefrisio-appasimento-rosso-collefrisio,Collefrisio Appasimento Rosso,1,0,visible,1,1760,0,1.3,Crveno vino,https://15milja.com/images/wines/collefrisio-appassimento.png,Vinarija,Collefrisio,1,1,Region,Abruzzo,1,1,Zemlja,Italija,1,1,Zapremina,0.75 L,1,1
simple,collefrisio-primitivo-collefrisio,Collefrisio Primitivo,1,0,visible,1,3590,0,1.3,Crveno vino,https://15milja.com/images/wines/collefrisio-primitivo.png,Vinarija,Collefrisio,1,1,Region,Puglia,1,1,Zemlja,Italija,1,1,Zapremina,0.75 L,1,1
simple,dolce-gabbana-tancredi-dolce-gabbana,Dolce&Gabbana Tancredi,1,0,visible,1,5500,0,1.3,Crveno vino,https://15milja.com/images/wines/dg-tancredi.png,Vinarija,Dolce&Gabbana,1,1,Region,Sicilija,1,1,Zemlja,Italija,1,1,Zapremina,0.75 L,1,1
simple,dolce-gabbana-isolano-dolce-gabbana,Dolce&Gabbana Isolano,1,0,visible,1,4650,0,1.3,Belo vino,https://15milja.com/images/wines/dg-isolano.png,Vinarija,Dolce&Gabbana,1,1,Region,Sicilija,1,1,Zemlja,Italija,1,1,Zapremina,0.75 L,1,1
simple,lava-montepulciano-lava,Lava Montepulciano,1,0,visible,1,1640,0,1.3,Crveno vino,https://15milja.com/images/wines/lava-montepulciano.png,Vinarija,Lava,1,1,Region,Abruzzo,1,1,Zemlja,Italija,1,1,Zapremina,0.75 L,1,1
simple,marina-cvetic-iskra-marina-cvetic,Marina Cvetić Iskra,1,0,visible,1,3660,0,1.3,Crveno vino,https://15milja.com/images/wines/marina-cvetic-iskra.png,Vinarija,Marina Cvetić,1,1,Region,Abruzzo,1,1,Zemlja,Italija,1,1,Zapremina,0.75 L,1,1
simple,marina-cvetic-iskra-riserva-marina-cvetic,Marina Cvetić Iskra Riserva,1,0,visible,1,4720,0,1.3,Crveno vino,https://15milja.com/images/wines/marina-cvetic-iskra-riserva.png,Vinarija,Marina Cvetić,1,1,Region,Abruzzo,1,1,Zemlja,Italija,1,1,Zapremina,0.75 L,1,1
simple,marina-cvetic-merlot-marina-cvetic,Marina Cvetić Merlot,1,0,visible,1,4470,0,1.3,Crveno vino,https://15milja.com/images/wines/marina-cvetic-merlot.png,Vinarija,Marina Cvetić,1,1,Region,Abruzzo,1,1,Zemlja,Italija,1,1,Zapremina,0.75 L,1,1
simple,marina-cvetic-montepulciano-marina-cvetic,Marina Cvetić Montepulciano,1,0,visible,1,4250,0,1.3,Crveno vino,https://15milja.com/images/wines/marina-cvetic-montepulciano.png,Vinarija,Marina Cvetić,1,1,Region,Abruzzo,1,1,Zemlja,Italija,1,1,Zapremina,0.75 L,1,1
simple,marina-cvetic-syrah-marina-cvetic,Marina Cvetić Syrah,1,0,visible,1,4100,0,1.3,Crveno vino,https://15milja.com/images/wines/marina-cvetic-syrah.png,Vinarija,Marina Cvetić,1,1,Region,Abruzzo,1,1,Zemlja,Italija,1,1,Zapremina,0.75 L,1,1
simple,marina-cvetic-trebbiano-d-abruzzo-marina-cvetic,Marina Cvetić Trebbiano d'Abruzzo,1,0,visible,1,5120,0,1.3,Belo vino,https://15milja.com/images/wines/marina-cvetic-trebbiano.png,Vinarija,Marina Cvetić,1,1,Region,Abruzzo,1,1,Zemlja,Italija,1,1,Zapremina,0.75 L,1,1
simple,nobu-montepulciano-1830-nobu,Nobu Montepulciano 1830,1,0,visible,1,2750,0,1.3,Crveno vino,https://15milja.com/images/wines/nobu-montepulciano.png,Vinarija,Nobu,1,1,Region,Abruzzo,1,1,Zemlja,Italija,1,1,Zapremina,0.75 L,1,1
simple,primitivo-del-salento-primitivo,Primitivo del Salento,1,0,visible,1,910,0,1.3,Crveno vino,https://15milja.com/images/wines/primitivo-del-salento.png,Vinarija,Primitivo,1,1,Region,Puglia,1,1,Zemlja,Italija,1,1,Zapremina,0.75 L,1,1
simple,recastro-primitivo-recastro,Recastro Primitivo,1,0,visible,1,1980,0,1.3,Crveno vino,https://15milja.com/images/wines/recastro-primitivo.png,Vinarija,Recastro,1,1,Region,Puglia,1,1,Zemlja,Italija,1,1,Zapremina,0.75 L,1,1
simple,rosso-da-uve-appassite-rosso,Rosso Da Uve Appassite,1,0,visible,1,2390,0,1.3,Crveno vino,https://15milja.com/images/wines/rosso-uve-appassite.png,Vinarija,Rosso,1,1,Region,Italija,1,1,Zemlja,Italija,1,1,Zapremina,0.75 L,1,1
simple,san-marzano-anniversario-62-san-marzano,San Marzano Anniversario 62,1,0,visible,1,3580,0,1.3,Crveno vino,https://15milja.com/images/wines/san-marzano-anniversario-62-0.75-l.png,Vinarija,San Marzano,1,1,Region,Puglia,1,1,Zemlja,Italija,1,1,Zapremina,0.75 L,1,1
simple,san-marzano-collezione-50-rosso-san-marzano,San Marzano Collezione 50 Rosso,1,0,visible,1,2980,0,1.3,Crveno vino,https://15milja.com/images/wines/san-marzano-collezione-50.png,Vinarija,San Marzano,1,1,Region,Puglia,1,1,Zemlja,Italija,1,1,Zapremina,0.75 L,1,1
simple,san-marzano-il-pumo-negroamaro-san-marzano,San Marzano Il Pumo Negroamaro,1,0,visible,1,940,0,1.3,Crveno vino,https://15milja.com/images/wines/san-marzano-il-pumo-negroamaro-0.75-l.png,Vinarija,San Marzano,1,1,Region,Puglia,1,1,Zemlja,Italija,1,1,Zapremina,0.75 L,1,1
simple,san-marzano-sessantanni-san-marzano,San Marzano Sessantanni,1,0,visible,1,3750,0,1.3,Crveno vino,https://15milja.com/images/wines/san-marzano-sessantanni-primitivo-di-manduria-crveno-vino-0%2C75l.png,Vinarija,San Marzano,1,1,Region,Puglia,1,1,Zemlja,Italija,1,1,Zapremina,0.75 L,1,1
simple,san-marzano-talo-malvasia-nera-san-marzano,San Marzano Talò Malvasia Nera,1,0,visible,1,1130,0,1.3,Crveno vino,https://15milja.com/images/wines/san-marzano-talo-malvasia-nera-0.75-l.png,Vinarija,San Marzano,1,1,Region,Puglia,1,1,Zemlja,Italija,1,1,Zapremina,0.75 L,1,1
simple,san-marzano-talo-primitivo-san-marzano,San Marzano Talò Primitivo,1,0,visible,1,1580,0,1.3,Crveno vino,https://15milja.com/images/wines/san-marzano-talo-primitivo-0.75-l.png,Vinarija,San Marzano,1,1,Region,Puglia,1,1,Zemlja,Italija,1,1,Zapremina,0.75 L,1,1
simple,san-marzano-talo-primitivo-di-manduria-san-marzano,San Marzano Talò Primitivo di Manduria,1,0,visible,1,,1,1.3,Crveno vino,https://15milja.com/images/wines/san-marzano-talo-primitivo.png,Vinarija,San Marzano,1,1,Region,Puglia,1,1,Zemlja,Italija,1,1,Zapremina,0.75 L,1,1
simple,tds-santoro-primitivo-tds-santoro,TDS Santoro Primitivo,1,0,visible,1,840,0,1.3,Crveno vino,https://15milja.com/images/wines/tds-santoro-primitivo.png,Vinarija,TDS Santoro,1,1,Region,Puglia,1,1,Zemlja,Italija,1,1,Zapremina,0.75 L,1,1
simple,kriya-montepulciano-kriya,Kriya Montepulciano,1,0,visible,1,1290,0,1.3,Crveno vino,https://15milja.com/images/wines/kriya-montepulciano.png,Vinarija,Kriya,1,1,Region,Abruzzo,1,1,Zemlja,Italija,1,1,Zapremina,0.75 L,1,1
simple,zenato-amarone-docg-zenato,ZENATO Amarone DOCG,1,0,visible,1,6300,0,1.3,Crveno vino,https://15milja.com/images/wines/zenato-amarone.png,Vinarija,ZENATO,1,1,Region,Veneto,1,1,Zemlja,Italija,1,1,Zapremina,0.75 L,1,1
simple,zenato-amarone-riserva-zenato,ZENATO Amarone Riserva,1,0,visible,1,11650,0,1.3,Crveno vino,https://15milja.com/images/wines/zenato-amarone-della-valpolicella-classico-riserva-0.75-l.png,Vinarija,ZENATO,1,1,Region,Veneto,1,1,Zemlja,Italija,1,1,Zapremina,0.75 L,1,1
simple,zenato-valpolicella-ripasso-zenato,ZENATO Valpolicella Ripasso,1,0,visible,1,2630,0,1.3,Crveno vino,https://15milja.com/images/wines/zenato-ripasso.png,Vinarija,ZENATO,1,1,Region,Veneto,1,1,Zemlja,Italija,1,1,Zapremina,0.75 L,1,1
simple,zenato-valpolicella-superiore-zenato,ZENATO Valpolicella Superiore,1,0,visible,1,1500,0,1.3,Crveno vino,https://15milja.com/images/wines/zenato-valpolicella-superiore-0.75l.png,Vinarija,ZENATO,1,1,Region,Veneto,1,1,Zemlja,Italija,1,1,Zapremina,0.75 L,1,1
simple,collefrisio-magnolia-bianco-collefrisio,Collefrisio Magnolia Bianco,1,0,visible,1,1700,0,1.3,Belo vino,https://15milja.com/images/wines/collefrisio-magnolia.png,Vinarija,Collefrisio,1,1,Region,Abruzzo,1,1,Zemlja,Italija,1,1,Zapremina,0.75 L,1,1
simple,gavi-di-gavi-gavi,Gavi di Gavi,1,0,visible,1,1200,0,1.3,Belo vino,https://15milja.com/images/wines/gavi-di-gavi.png,Vinarija,Gavi,1,1,Region,Piemonte,1,1,Zemlja,Italija,1,1,Zapremina,0.75 L,1,1
simple,hofstatter-pinot-grigio-hofstatter,Hofstätter Pinot Grigio,1,0,visible,1,,1,1.3,Belo vino,https://15milja.com/images/wines/hofstatter-pinot-grigio.png,Vinarija,Hofstätter,1,1,Region,Alto Adige,1,1,Zemlja,Italija,1,1,Zapremina,0.75 L,1,1
simple,jermann-pinot-grigio-jermann,Jermann Pinot Grigio,1,0,visible,1,3650,0,1.3,Belo vino,https://15milja.com/images/wines/jermann-pinot-grigio.png,Vinarija,Jermann,1,1,Region,Friuli,1,1,Zemlja,Italija,1,1,Zapremina,0.75 L,1,1
simple,kriya-pecorino-kriya,Kriya Pecorino,1,0,visible,1,1290,0,1.3,Belo vino,https://15milja.com/images/wines/kriya-pecorino.png,Vinarija,Kriya,1,1,Region,Abruzzo,1,1,Zemlja,Italija,1,1,Zapremina,0.75 L,1,1
simple,lava-pecorino-igp-lava,Lava Pecorino IGP,1,0,visible,1,1640,0,1.3,Belo vino,https://15milja.com/images/wines/lava-pecorino.png,Vinarija,Lava,1,1,Region,Abruzzo,1,1,Zemlja,Italija,1,1,Zapremina,0.75 L,1,1
simple,san-marzano-edda-bianco-san-marzano,San Marzano Edda Bianco,1,0,visible,1,1860,0,1.3,Belo vino,https://15milja.com/images/wines/san-marzano-edda-bianco-0.75-l.png,Vinarija,San Marzano,1,1,Region,Puglia,1,1,Zemlja,Italija,1,1,Zapremina,0.75 L,1,1
simple,san-marzano-il-pumo-sauvignon-malvasia-san-marzano,San Marzano Il Pumo Sauvignon Malvasia,1,0,visible,1,950,0,1.3,Belo vino,https://15milja.com/images/wines/san-marzano-il-pumo-sauvignon-malvasia-0.75-l.png,Vinarija,San Marzano,1,1,Region,Puglia,1,1,Zemlja,Italija,1,1,Zapremina,0.75 L,1,1
simple,san-marzano-talo-fiano-salento-san-marzano,San Marzano Talò Fiano Salento,1,0,visible,1,1250,0,1.3,Belo vino,https://15milja.com/images/wines/san-marzano-talo-fiano.png,Vinarija,San Marzano,1,1,Region,Puglia,1,1,Zemlja,Italija,1,1,Zapremina,0.75 L,1,1
simple,san-marzano-timo-vermentino-san-marzano,San Marzano Timo Vermentino,1,0,visible,1,1340,0,1.3,Belo vino,https://15milja.com/images/wines/san-marzano-timo-vermentino-0.75-l.png,Vinarija,San Marzano,1,1,Region,Puglia,1,1,Zemlja,Italija,1,1,Zapremina,0.75 L,1,1
simple,tds-santoro-chardonnay-tds-santoro,TDS Santoro Chardonnay,1,0,visible,1,840,0,1.3,Belo vino,https://15milja.com/images/wines/tds-santoro-chardonnay.png,Vinarija,TDS Santoro,1,1,Region,Puglia,1,1,Zemlja,Italija,1,1,Zapremina,0.75 L,1,1
simple,terreum-passerina-terreum,Terreum Passerina,1,0,visible,1,2290,0,1.3,Belo vino,https://15milja.com/images/wines/terreum-passerina.png,Vinarija,Terreum,1,1,Region,Marche,1,1,Zemlja,Italija,1,1,Zapremina,0.75 L,1,1
simple,zenato-chardonnay-garda-zenato,ZENATO Chardonnay Garda,1,0,visible,1,1350,0,1.3,Belo vino,https://15milja.com/images/wines/zenato-chardonnay-garda.png,Vinarija,ZENATO,1,1,Region,Veneto,1,1,Zemlja,Italija,1,1,Zapremina,0.75 L,1,1
simple,zenato-lugana-san-benedetto-zenato,ZENATO Lugana San Benedetto,1,0,visible,1,1790,0,1.3,Belo vino,https://15milja.com/images/wines/zenato-lugana-san-benedetto-0.75-l.png,Vinarija,ZENATO,1,1,Region,Veneto,1,1,Zemlja,Italija,1,1,Zapremina,0.75 L,1,1
simple,dolce-gabbana-rosa-dolce-gabbana,Dolce&Gabbana Rosa,1,0,visible,1,4650,0,1.3,Roze vino,https://15milja.com/images/wines/dg-rosa.png,Vinarija,Dolce&Gabbana,1,1,Region,Sicilija,1,1,Zemlja,Italija,1,1,Zapremina,0.75 L,1,1
simple,san-marzano-tramari-rose-san-marzano,San Marzano Tramari Rose,1,0,visible,1,1250,0,1.3,Roze vino,https://15milja.com/images/wines/san-marzano-tramari-rose.png,Vinarija,San Marzano,1,1,Region,Puglia,1,1,Zemlja,Italija,1,1,Zapremina,0.75 L,1,1
simple,zenato-rose-san-benedetto-zenato,ZENATO Rose San Benedetto,1,0,visible,1,1260,0,1.3,Roze vino,https://15milja.com/images/wines/zenato-rose-san-benedetto-0.75-l.png,Vinarija,ZENATO,1,1,Region,Veneto,1,1,Zemlja,Italija,1,1,Zapremina,0.75 L,1,1
simple,antesa-spumante-bianco-antesa,Antesa Spumante Bianco,1,0,visible,1,850,0,1.3,Penušavo vino,https://15milja.com/images/wines/antesa-spumante.png,Vinarija,Antesa,1,1,Region,Italija,1,1,Zemlja,Italija,1,1,Zapremina,0.75 L,1,1
simple,astoria-arzana-cartizze-astoria,Astoria Arzanà Cartizze,1,0,visible,1,2820,0,1.3,Penušavo vino,https://15milja.com/images/wines/astoria-arzana-cartizze-prosecco-dry-0.75-l.png,Vinarija,Astoria,1,1,Region,Veneto,1,1,Zemlja,Italija,1,1,Zapremina,0.75 L,1,1
simple,astoria-belta-cuvee-brut-astoria,Astoria Beltà Cuvée Brut,1,0,visible,1,950,0,1.3,Penušavo vino,https://15milja.com/images/wines/astoria-belta-cuvee.png,Vinarija,Astoria,1,1,Region,Veneto,1,1,Zemlja,Italija,1,1,Zapremina,0.75 L,1,1
simple,astoria-fashion-victim-diamond-astoria,Astoria Fashion Victim Diamond,1,0,visible,1,1590,0,1.3,Penušavo vino,https://15milja.com/images/wines/astoria-fashion-victim-diamond-dry-penu%C5%A1avo-belo-vino-0%2C75l.png,Vinarija,Astoria,1,1,Region,Veneto,1,1,Zemlja,Italija,1,1,Zapremina,0.75 L,1,1
simple,astoria-fashion-victim-rose-astoria,Astoria Fashion Victim Rose,1,0,visible,1,1220,0,1.3,Penušavo vino,https://15milja.com/images/wines/astoria-fashion-victim-rose-dry-0.75-l.png,Vinarija,Astoria,1,1,Region,Veneto,1,1,Zemlja,Italija,1,1,Zapremina,0.75 L,1,1
simple,astoria-fashion-victim-unica-astoria,Astoria Fashion Victim Unica,1,0,visible,1,1470,0,1.3,Penušavo vino,https://15milja.com/images/wines/astoria-fashion-victim-unica.png,Vinarija,Astoria,1,1,Region,Veneto,1,1,Zemlja,Italija,1,1,Zapremina,0.75 L,1,1
simple,astoria-galie-prosecco-astoria,Astoria Galìe Prosecco,1,0,visible,1,1510,0,1.3,Penušavo vino,https://15milja.com/images/wines/astoria-galie-prosecco-dry-0.75-l.png,Vinarija,Astoria,1,1,Region,Veneto,1,1,Zemlja,Italija,1,1,Zapremina,0.75 L,1,1
simple,astoria-luxury-gold-astoria,Astoria Luxury Gold,1,0,visible,1,1920,0,1.3,Penušavo vino,https://15milja.com/images/wines/astoria-luxury-gold.png,Vinarija,Astoria,1,1,Region,Veneto,1,1,Zemlja,Italija,1,1,Zapremina,0.75 L,1,1
simple,astoria-prosecco-lounge-astoria,Astoria Prosecco Lounge,1,0,visible,1,1400,0,1.3,Penušavo vino,https://15milja.com/images/wines/astoria-prosecco-lounge.png,Vinarija,Astoria,1,1,Region,Veneto,1,1,Zemlja,Italija,1,1,Zapremina,0.75 L,1,1
simple,astoria-prosecco-rose-astoria,Astoria Prosecco Rose,1,0,visible,1,1460,0,1.3,Penušavo vino,https://15milja.com/images/wines/astoria-arzana-cartizze-prosecco-dry-0.75-l.png,Vinarija,Astoria,1,1,Region,Veneto,1,1,Zemlja,Italija,1,1,Zapremina,0.75 L,1,1
simple,cipriani-bellini-cipriani,Cipriani Bellini,1,0,visible,1,2530,0,1.3,Penušavo vino,https://15milja.com/images/wines/cipriani-bellini.png,Vinarija,Cipriani,1,1,Region,Veneto,1,1,Zemlja,Italija,1,1,Zapremina,0.75 L,1,1
simple,moscato-d-asti-moscato,Moscato d'Asti,1,0,visible,1,1120,0,1.3,Penušavo vino,https://15milja.com/images/wines/moscato-dasti.png,Vinarija,Moscato,1,1,Region,Piemonte,1,1,Zemlja,Italija,1,1,Zapremina,0.75 L,1,1
simple,pizzolato-prosecco-spumante-doc-pizzolato,Pizzolato Prosecco Spumante DOC,1,0,visible,1,1050,0,1.3,Penušavo vino,https://15milja.com/images/wines/pizzolato-prosecco.png,Vinarija,Pizzolato,1,1,Region,Veneto,1,1,Zemlja,Italija,1,1,Zapremina,0.75 L,1,1
simple,pizzolato-prosecco-spumante-rose-pizzolato,Pizzolato Prosecco Spumante Rose,1,0,visible,1,1050,0,1.3,Penušavo vino,https://15milja.com/images/wines/pizzolato-prosecco-rose.png,Vinarija,Pizzolato,1,1,Region,Veneto,1,1,Zemlja,Italija,1,1,Zapremina,0.75 L,1,1
simple,prosecco-maschio-0-20l-maschio,Prosecco Maschio 0.20L,1,0,visible,1,395,0,0.5,Penušavo vino,https://15milja.com/images/wines/maschio-prosecco-020.png,Vinarija,Maschio,1,1,Region,Veneto,1,1,Zemlja,Italija,1,1,Zapremina,0.20l,1,1
simple,prosecco-valdobbiadene-valdobbiadene,Prosecco Valdobbiadene,1,0,visible,1,1230,0,1.3,Penušavo vino,https://15milja.com/images/wines/prosecco-valdobbiadene.png,Vinarija,Valdobbiadene,1,1,Region,Veneto,1,1,Zemlja,Italija,1,1,Zapremina,0.75 L,1,1
simple,rebuli-prosecco-settegrammi-rebuli,Rebuli Prosecco Settegrammi,1,0,visible,1,1370,0,1.3,Penušavo vino,https://15milja.com/images/wines/rebuli-settegrammi.png,Vinarija,Rebuli,1,1,Region,Veneto,1,1,Zemlja,Italija,1,1,Zapremina,0.75 L,1,1
simple,chateau-du-pape-chateau,Château du Pape,1,0,visible,1,,1,1.3,Crveno vino,https://15milja.com/images/wines/chateau-du-pape.png,Vinarija,Château,1,1,Region,Rhône,1,1,Zemlja,Francuska,1,1,Zapremina,0.75 L,1,1
simple,chateau-rollan-de-by-chateau,Château Rollan de By,1,0,visible,1,,1,1.3,Crveno vino,https://15milja.com/images/wines/chateau-rollan-de-by.png,Vinarija,Château,1,1,Region,Médoc,1,1,Zemlja,Francuska,1,1,Zapremina,0.75 L,1,1
simple,louis-latour-chablis-1er-cru-louis-latour,Louis Latour Chablis 1er Cru,1,0,visible,1,5970,0,1.3,Belo vino,https://15milja.com/images/wines/louis-latour-chablis.png,Vinarija,Louis Latour,1,1,Region,Burgundija,1,1,Zemlja,Francuska,1,1,Zapremina,0.75 L,1,1
simple,chablis-1er-cru-cote-chablis,Chablis 1er Cru Côte,1,0,visible,1,5100,0,1.3,Belo vino,https://15milja.com/images/wines/chablis-1er-cru-cote.png,Vinarija,Chablis,1,1,Region,Burgundija,1,1,Zemlja,Francuska,1,1,Zapremina,0.75 L,1,1
simple,chateau-d-esclans-whispering-angel-chateau-d-esclans,Château d'Esclans Whispering Angel,1,0,visible,1,,1,1.3,Roze vino,https://15milja.com/images/wines/whispering-angel.png,Vinarija,Château d'Esclans,1,1,Region,Provansa,1,1,Zemlja,Francuska,1,1,Zapremina,0.75 L,1,1
simple,miraval-rose-miraval,Miraval Rose,1,0,visible,1,,1,1.3,Roze vino,https://15milja.com/images/wines/miraval-rose.png,Vinarija,Miraval,1,1,Region,Provansa,1,1,Zemlja,Francuska,1,1,Zapremina,0.75 L,1,1
simple,dom-perignon-dom-perignon,Dom Pérignon,1,0,visible,1,31700,0,1.3,Penušavo vino,https://15milja.com/images/wines/dom-perignon.png,Vinarija,Dom Pérignon,1,1,Region,Champagne,1,1,Zemlja,Francuska,1,1,Zapremina,0.75 L,1,1
simple,moet-chandon-brut-imperial-moet-chandon,Moët & Chandon Brut Impérial,1,0,visible,1,6980,0,1.3,Penušavo vino,https://15milja.com/images/wines/moet-brut-imperial.png,Vinarija,Moët & Chandon,1,1,Region,Champagne,1,1,Zemlja,Francuska,1,1,Zapremina,0.75 L,1,1
simple,moet-chandon-rose-imperial-moet-chandon,Moët & Chandon Rosé Impérial,1,0,visible,1,8430,0,1.3,Penušavo vino,https://15milja.com/images/wines/moet-rose-imperial.png,Vinarija,Moët & Chandon,1,1,Region,Champagne,1,1,Zemlja,Francuska,1,1,Zapremina,0.75 L,1,1
simple,moet-chandon-ice-imperial-moet-chandon,Moët & Chandon Ice Impérial,1,0,visible,1,,1,1.3,Penušavo vino,https://15milja.com/images/wines/moet-ice-imperial.png,Vinarija,Moët & Chandon,1,1,Region,Champagne,1,1,Zemlja,Francuska,1,1,Zapremina,0.75 L,1,1
simple,bayanegra-cabernet-sauvignon-bayanegra,Bayanegra Cabernet Sauvignon,1,0,visible,1,590,0,1.3,Crveno vino,https://15milja.com/images/wines/bodegas-celaya-bayanegra-cabernet-sauvignon-0.75-l.png,Vinarija,Bayanegra,1,1,Region,Castilla,1,1,Zemlja,Španija,1,1,Zapremina,0.75 L,1,1
simple,demuerte-one-demuerte,Demuerte One,1,0,visible,1,1110,0,1.3,Crveno vino,https://15milja.com/images/wines/demuerte-one.png,Vinarija,Demuerte,1,1,Region,Yecla,1,1,Zemlja,Španija,1,1,Zapremina,0.75 L,1,1
simple,izadi-crianza-izadi,Izadi Crianza,1,0,visible,1,,1,1.3,Crveno vino,https://15milja.com/images/wines/izadi-crianza.png,Vinarija,Izadi,1,1,Region,Rioja,1,1,Zemlja,Španija,1,1,Zapremina,0.75 L,1,1
simple,juan-gil-clio-juan-gil,Juan Gil CLIO,1,0,visible,1,5780,0,1.3,Crveno vino,https://15milja.com/images/wines/juan-gil-clio.png,Vinarija,Juan Gil,1,1,Region,Jumilla,1,1,Zemlja,Španija,1,1,Zapremina,0.75 L,1,1
simple,juan-gil-godina-juan-gil,Juan Gil Godina,1,0,visible,1,2880,0,1.3,Crveno vino,https://15milja.com/images/wines/juan-gil-godina-crveno-vino-0%2C75-l.png,Vinarija,Juan Gil,1,1,Region,Campo de Borja,1,1,Zemlja,Španija,1,1,Zapremina,0.75 L,1,1
simple,juan-gil-honoro-vera-rioja-juan-gil,Juan Gil Honoro Vera Rioja,1,0,visible,1,1040,0,1.3,Crveno vino,https://15milja.com/images/wines/juan-gil-honoro-vera-rioja-0.75-l.png,Vinarija,Juan Gil,1,1,Region,Rioja,1,1,Zemlja,Španija,1,1,Zapremina,0.75 L,1,1
simple,juan-gil-laya-juan-gil,Juan Gil LAYA,1,0,visible,1,1280,0,1.3,Crveno vino,https://15milja.com/images/wines/juan-gil-la-atalaya-crveno-vino-0%2C75l.png,Vinarija,Juan Gil,1,1,Region,Almansa,1,1,Zemlja,Španija,1,1,Zapremina,0.75 L,1,1
simple,bayanegra-sauvignon-blanc-bayanegra,Bayanegra Sauvignon Blanc,1,0,visible,1,590,0,1.3,Belo vino,https://15milja.com/images/wines/bodegas-celaya-bayanegra-sauvignon-blanc-0.75-l.png,Vinarija,Bayanegra,1,1,Region,Castilla,1,1,Zemlja,Španija,1,1,Zapremina,0.75 L,1,1
simple,juan-gil-shaya-verdejo-juan-gil,Juan Gil SHAYA Verdejo,1,0,visible,1,1530,0,1.3,Belo vino,https://15milja.com/images/wines/juan-gil-shaya-verdejo.png,Vinarija,Juan Gil,1,1,Region,Rueda,1,1,Zemlja,Španija,1,1,Zapremina,0.75 L,1,1
simple,telmo-rodriguez-basa-telmo-rodriguez,Telmo Rodriguez Basa,1,0,visible,1,,1,1.3,Belo vino,https://15milja.com/images/wines/telmo-rodriguez-basa.png,Vinarija,Telmo Rodriguez,1,1,Region,Rueda,1,1,Zemlja,Španija,1,1,Zapremina,0.75 L,1,1
simple,bayanegra-rose-bayanegra,Bayanegra Rose,1,0,visible,1,590,0,1.3,Roze vino,https://15milja.com/images/wines/bodegas-celaya-bayanegra-rose-0.75-l.png,Vinarija,Bayanegra,1,1,Region,Castilla,1,1,Zemlja,Španija,1,1,Zapremina,0.75 L,1,1
simple,tarapaca-gr-cabernet-sauvignon-tarapaca,Tarapaca GR Cabernet Sauvignon,1,0,visible,1,2480,0,1.3,Crveno vino,https://15milja.com/images/wines/tarapaca-gr-cabernet.png,Vinarija,Tarapacá,1,1,Region,Maipo Valley,1,1,Zemlja,Čile,1,1,Zapremina,0.75 L,1,1
simple,tarapaca-gr-cabernet-s-black-tarapaca,Tarapaca GR Cabernet S. Black,1,0,visible,1,4620,0,1.3,Crveno vino,https://15milja.com/images/wines/tarapaca-gr-cabernet-black.png,Vinarija,Tarapacá,1,1,Region,Maipo Valley,1,1,Zemlja,Čile,1,1,Zapremina,0.75 L,1,1
simple,tarapaca-gr-carmenere-tarapaca,Tarapaca GR Carménère,1,0,visible,1,2480,0,1.3,Crveno vino,https://15milja.com/images/wines/tarapaca-gr-carmenere.png,Vinarija,Tarapacá,1,1,Region,Rapel Valley,1,1,Zemlja,Čile,1,1,Zapremina,0.75 L,1,1
simple,tarapaca-gr-carmenere-black-tarapaca,Tarapaca GR Carménère Black,1,0,visible,1,4620,0,1.3,Crveno vino,https://15milja.com/images/wines/tarapaca-gr-carmenere-black.png,Vinarija,Tarapacá,1,1,Region,Rapel Valley,1,1,Zemlja,Čile,1,1,Zapremina,0.75 L,1,1
simple,tarapaca-gr-etiqueta-azul-tarapaca,Tarapaca GR Etiqueta Azul,1,0,visible,1,5460,0,1.3,Crveno vino,https://15milja.com/images/wines/tarapaca-gr-etiqueta-azul.png,Vinarija,Tarapacá,1,1,Region,Maipo Valley,1,1,Zemlja,Čile,1,1,Zapremina,0.75 L,1,1
simple,tarapaca-gr-merlot-tarapaca,Tarapaca GR Merlot,1,0,visible,1,2480,0,1.3,Crveno vino,https://15milja.com/images/wines/tarapaca-gr-merlot.png,Vinarija,Tarapacá,1,1,Region,Maipo Valley,1,1,Zemlja,Čile,1,1,Zapremina,0.75 L,1,1
simple,luis-felipe-merlot-luis-felipe,Luis Felipe Merlot,1,0,visible,1,1120,0,1.3,Crveno vino,https://15milja.com/images/wines/luis-felipe-merlot.png,Vinarija,Luis Felipe,1,1,Region,Čile,1,1,Zemlja,Čile,1,1,Zapremina,0.75 L,1,1
simple,catena-alamos-cabernet-sauvignon-catena,Catena Alamos Cabernet Sauvignon,1,0,visible,1,1050,0,1.3,Crveno vino,https://15milja.com/images/wines/catena-alamos-cabernet.png,Vinarija,Catena,1,1,Region,Mendoza,1,1,Zemlja,Argentina,1,1,Zapremina,0.75 L,1,1
simple,catena-alamos-malbec-catena,Catena Alamos Malbec,1,0,visible,1,1120,0,1.3,Crveno vino,https://15milja.com/images/wines/catena-alamos-malbec.png,Vinarija,Catena,1,1,Region,Mendoza,1,1,Zemlja,Argentina,1,1,Zapremina,0.75 L,1,1
simple,catena-alamos-chardonnay-catena,Catena Alamos Chardonnay,1,0,visible,1,1050,0,1.3,Belo vino,https://15milja.com/images/wines/catena-alamos-chardonnay.png,Vinarija,Catena,1,1,Region,Mendoza,1,1,Zemlja,Argentina,1,1,Zapremina,0.75 L,1,1
simple,ecker-gruner-veltliner-schlossberg-ecker,Ecker Grüner Veltliner Schlossberg,1,0,visible,1,1550,0,1.3,Belo vino,https://15milja.com/images/wines/ecker-gruner-veltliner.png,Vinarija,Ecker,1,1,Region,Wagram,1,1,Zemlja,Austrija,1,1,Zapremina,0.75 L,1,1
simple,ecker-riesling-wagram-ecker,Ecker Riesling Wagram,1,0,visible,1,1380,0,1.3,Belo vino,https://15milja.com/images/wines/ecker-riesling.png,Vinarija,Ecker,1,1,Region,Wagram,1,1,Zemlja,Austrija,1,1,Zapremina,0.75 L,1,1
simple,ecker-roter-veltliner-wagram-ecker,Ecker Roter Veltliner Wagram,1,0,visible,1,1300,0,1.3,Belo vino,https://15milja.com/images/wines/ecker-roter-veltliner.png,Vinarija,Ecker,1,1,Region,Wagram,1,1,Zemlja,Austrija,1,1,Zapremina,0.75 L,1,1
simple,friedrich-blauer-zweigelt-prestige-friedrich,Friedrich Blauer Zweigelt Prestige,1,0,visible,1,1630,0,1.3,Crveno vino,https://15milja.com/images/wines/friedrich-blauer-zweigelt-prestige-0.75-l.png,Vinarija,Friedrich,1,1,Region,Austrija,1,1,Zemlja,Austrija,1,1,Zapremina,0.75 L,1,1
simple,friedrich-chardonnay-alte-reben-friedrich,Friedrich Chardonnay Alte Reben,1,0,visible,1,1880,0,1.3,Belo vino,https://15milja.com/images/wines/friedrich-chardonnay.png,Vinarija,Friedrich,1,1,Region,Austrija,1,1,Zemlja,Austrija,1,1,Zapremina,0.75 L,1,1
simple,friedrich-welschriesling-exklusiv-friedrich,Friedrich Welschriesling Exklusiv,1,0,visible,1,1130,0,1.3,Belo vino,https://15milja.com/images/wines/friedrich-welschriesling.png,Vinarija,Friedrich,1,1,Region,Austrija,1,1,Zemlja,Austrija,1,1,Zapremina,0.75 L,1,1
simple,marjan-simcic-pinot-grigio-simcic,Marjan Šimčič Pinot Grigio,1,0,visible,1,,1,1.3,Belo vino,https://15milja.com/images/wines/simcic-pinot-grigio.png,Vinarija,Šimčič,1,1,Region,Goriška Brda,1,1,Zemlja,Slovenija,1,1,Zapremina,0.75 L,1,1
simple,verus-pinot-noir-verus,Verus Pinot Noir,1,0,visible,1,1890,0,1.3,Crveno vino,https://15milja.com/images/wines/verus-pinot-noir.png,Vinarija,Verus,1,1,Region,Štajerska,1,1,Zemlja,Slovenija,1,1,Zapremina,0.75 L,1,1
simple,verus-sauvignon-blanc-verus,Verus Sauvignon Blanc,1,0,visible,1,1440,0,1.3,Belo vino,https://15milja.com/images/wines/verus-sauvignon.png,Vinarija,Verus,1,1,Region,Štajerska,1,1,Zemlja,Slovenija,1,1,Zapremina,0.75 L,1,1
simple,san-tommaso-malvazija-san-tommaso,San Tommaso Malvazija,1,0,visible,1,2300,0,1.3,Belo vino,https://15milja.com/images/wines/san-tommaso-malvazija.png,Vinarija,San Tommaso,1,1,Region,Slovenija,1,1,Zemlja,Slovenija,1,1,Zapremina,0.75 L,1,1
simple,galot-balerina-galot,Galot Balerina,1,0,visible,1,1240,0,1.3,Belo vino,https://15milja.com/images/wines/galot-balerina.png,Vinarija,Galot,1,1,Region,Slovenija,1,1,Zemlja,Slovenija,1,1,Zapremina,0.75 L,1,1
simple,plantaze-13-jul-vladika-plantaze,Plantaže 13. Jul Vladika,1,0,visible,1,1690,0,1.3,Crveno vino,https://15milja.com/images/wines/plantaze-vladika.png,Vinarija,Plantaže,1,1,Region,Crna Gora,1,1,Zemlja,Crna Gora,1,1,Zapremina,0.75 L,1,1
simple,plantaze-epoha-plantaze,Plantaže Epoha,1,0,visible,1,1460,0,1.3,Crveno vino,https://15milja.com/images/wines/plantaze-epoha.png,Vinarija,Plantaže,1,1,Region,Crna Gora,1,1,Zemlja,Crna Gora,1,1,Zapremina,0.75 L,1,1
simple,plantaze-vranac-pro-corde-plantaze,Plantaže Vranac Pro Corde,1,0,visible,1,1090,0,1.3,Crveno vino,https://15milja.com/images/wines/plantaze-vranac-pro-corde.png,Vinarija,Plantaže,1,1,Region,Crna Gora,1,1,Zemlja,Crna Gora,1,1,Zapremina,0.75 L,1,1
simple,plantaze-13-jul-malvazija-plantaze,Plantaže 13. Jul Malvazija,1,0,visible,1,1050,0,1.3,Belo vino,https://15milja.com/images/wines/plantaze-malvazija.png,Vinarija,Plantaže,1,1,Region,Crna Gora,1,1,Zemlja,Crna Gora,1,1,Zapremina,0.75 L,1,1
simple,plantaze-medun-plantaze,Plantaže Medun,1,0,visible,1,1190,0,1.3,Crveno vino,https://15milja.com/images/wines/plantaze-medun.png,Vinarija,Plantaže,1,1,Region,Crna Gora,1,1,Zemlja,Crna Gora,1,1,Zapremina,0.75 L,1,1
simple,brkic-zilavka-brkic,Brkić Žilavka,1,0,visible,1,1050,0,1.3,Belo vino,https://15milja.com/images/wines/brkic-zilavka.png,Vinarija,Brkić,1,1,Region,Hercegovina,1,1,Zemlja,BiH,1,1,Zapremina,0.75 L,1,1
simple,nuic-blatina-barrique-nuic,Nuić Blatina Barrique,1,0,visible,1,1650,0,1.3,Crveno vino,https://15milja.com/images/wines/nuic-blatina-barrique.png,Vinarija,Nuić,1,1,Region,Hercegovina,1,1,Zemlja,BiH,1,1,Zapremina,0.75 L,1,1
simple,nuic-merlot-vrhunski-nuic,Nuić Merlot Vrhunski,1,0,visible,1,1410,0,1.3,Crveno vino,https://15milja.com/images/wines/nuic-merlot.png,Vinarija,Nuić,1,1,Region,Hercegovina,1,1,Zemlja,BiH,1,1,Zapremina,0.75 L,1,1
simple,nuic-trnjak-nuic,Nuić Trnjak,1,0,visible,1,2280,0,1.3,Crveno vino,https://15milja.com/images/wines/nuic-trnjak.png,Vinarija,Nuić,1,1,Region,Hercegovina,1,1,Zemlja,BiH,1,1,Zapremina,0.75 L,1,1
simple,nuic-zilavka-nuic,Nuić Žilavka,1,0,visible,1,1050,0,1.3,Belo vino,https://15milja.com/images/wines/nuic-zilavka.png,Vinarija,Nuić,1,1,Region,Hercegovina,1,1,Zemlja,BiH,1,1,Zapremina,0.75 L,1,1
simple,nuic-zilavka-vrhunska-nuic,Nuić Žilavka Vrhunska,1,0,visible,1,1250,0,1.3,Belo vino,https://15milja.com/images/wines/nuic-zilavka-vrhunska.png,Vinarija,Nuić,1,1,Region,Hercegovina,1,1,Zemlja,BiH,1,1,Zapremina,0.75 L,1,1
simple,tvrdos-metoh-tvrdos,Tvrdoš Metoh,1,0,visible,1,1250,0,1.3,Crveno vino,https://15milja.com/images/wines/tvrdos-metoh.png,Vinarija,Tvrdoš,1,1,Region,Hercegovina,1,1,Zemlja,BiH,1,1,Zapremina,0.75 L,1,1
simple,tvrdos-vranac-tvrdos,Tvrdoš Vranac,1,0,visible,1,1920,0,1.3,Crveno vino,https://15milja.com/images/wines/tvrdos-vranac.png,Vinarija,Tvrdoš,1,1,Region,Hercegovina,1,1,Zemlja,BiH,1,1,Zapremina,0.75 L,1,1
simple,tvrdos-zilavka-tvrdos,Tvrdoš Žilavka,1,0,visible,1,2170,0,1.3,Belo vino,https://15milja.com/images/wines/tvrdos-zilavka.png,Vinarija,Tvrdoš,1,1,Region,Hercegovina,1,1,Zemlja,BiH,1,1,Zapremina,0.75 L,1,1
simple,vukoje-herceg-vranac-vukoje,Vukoje Herceg Vranac,1,0,visible,1,2050,0,1.3,Crveno vino,https://15milja.com/images/wines/vukoje-herceg-vranac.png,Vinarija,Vukoje,1,1,Region,Trebinje,1,1,Zemlja,BiH,1,1,Zapremina,0.75 L,1,1
simple,vukoje-herceg-zilavka-vukoje,Vukoje Herceg Žilavka,1,0,visible,1,2050,0,1.3,Belo vino,https://15milja.com/images/wines/vukoje-herceg-zilavka.png,Vinarija,Vukoje,1,1,Region,Trebinje,1,1,Zemlja,BiH,1,1,Zapremina,0.75 L,1,1
simple,vukoje-selekcija-belo-vukoje,Vukoje Selekcija Belo,1,0,visible,1,4510,0,1.3,Belo vino,https://15milja.com/images/wines/vukoje-selekcija-belo.png,Vinarija,Vukoje,1,1,Region,Trebinje,1,1,Zemlja,BiH,1,1,Zapremina,0.75 L,1,1
simple,vukoje-selekcija-crveno-vukoje,Vukoje Selekcija Crveno,1,0,visible,1,5270,0,1.3,Crveno vino,https://15milja.com/images/wines/vukoje-selekcija-crveno.png,Vinarija,Vukoje,1,1,Region,Trebinje,1,1,Zemlja,BiH,1,1,Zapremina,0.75 L,1,1
simple,vukoje-shiraz-vukoje,Vukoje Shiraz,1,0,visible,1,1730,0,1.3,Crveno vino,https://15milja.com/images/wines/vukoje-shiraz.png,Vinarija,Vukoje,1,1,Region,Trebinje,1,1,Zemlja,BiH,1,1,Zapremina,0.75 L,1,1
simple,vukoje-tamjanika-galerija-vukoje,Vukoje Tamjanika Galerija,1,0,visible,1,1450,0,1.3,Belo vino,https://15milja.com/images/wines/vukoje-tamjanika-galerija.png,Vinarija,Vukoje,1,1,Region,Trebinje,1,1,Zemlja,BiH,1,1,Zapremina,0.75 L,1,1
simple,vukoje-tribunia-belo-vukoje,Vukoje Tribunia Belo,1,0,visible,1,2050,0,1.3,Belo vino,https://15milja.com/images/wines/vukoje-tribunia-belo.png,Vinarija,Vukoje,1,1,Region,Trebinje,1,1,Zemlja,BiH,1,1,Zapremina,0.75 L,1,1
simple,vukoje-tribunia-crvena-vukoje,Vukoje Tribunia Crvena,1,0,visible,1,2330,0,1.3,Crveno vino,https://15milja.com/images/wines/vukoje-tribunia-crvena.png,Vinarija,Vukoje,1,1,Region,Trebinje,1,1,Zemlja,BiH,1,1,Zapremina,0.75 L,1,1
simple,vukoje-vranac-reserva-vukoje,Vukoje Vranac Reserva,1,0,visible,1,3950,0,1.3,Crveno vino,https://15milja.com/images/wines/vukoje-vranac-reserva.png,Vinarija,Vukoje,1,1,Region,Trebinje,1,1,Zemlja,BiH,1,1,Zapremina,0.75 L,1,1
simple,vukoje-zlatna-crvena-vukoje,Vukoje Zlatna Crvena,1,0,visible,1,5040,0,1.3,Crveno vino,https://15milja.com/images/wines/vukoje-zlatna-crvena.png,Vinarija,Vukoje,1,1,Region,Trebinje,1,1,Zemlja,BiH,1,1,Zapremina,0.75 L,1,1
simple,tikves-alexandria-belo-tikves,Tikveš Alexandria Belo,1,0,visible,1,760,0,1.3,Belo vino,https://15milja.com/images/wines/tikves-alexandria-belo.png,Vinarija,Tikveš,1,1,Region,Makedonija,1,1,Zemlja,S. Makedonija,1,1,Zapremina,0.75 L,1,1
simple,tikves-babuna-belo-tikves,Tikveš Babuna Belo,1,0,visible,1,1660,0,1.3,Belo vino,https://15milja.com/images/wines/tikves-babuna-belo.png,Vinarija,Tikveš,1,1,Region,Makedonija,1,1,Zemlja,S. Makedonija,1,1,Zapremina,0.75 L,1,1
simple,tikves-babuna-crveno-tikves,Tikveš Babuna Crveno,1,0,visible,1,1660,0,1.3,Crveno vino,https://15milja.com/images/wines/tikves-babuna-crveno.png,Vinarija,Tikveš,1,1,Region,Makedonija,1,1,Zemlja,S. Makedonija,1,1,Zapremina,0.75 L,1,1
simple,tikves-barovo-belo-terroir-tikves,Tikveš Barovo Belo Terroir,1,0,visible,1,4480,0,1.3,Belo vino,https://15milja.com/images/wines/tikves-barovo-belo.png,Vinarija,Tikveš,1,1,Region,Makedonija,1,1,Zemlja,S. Makedonija,1,1,Zapremina,0.75 L,1,1
simple,tikves-barovo-crveno-tikves,Tikveš Barovo Crveno,1,0,visible,1,4580,0,1.3,Crveno vino,https://15milja.com/images/wines/tikves-barovo-crveno.png,Vinarija,Tikveš,1,1,Region,Makedonija,1,1,Zemlja,S. Makedonija,1,1,Zapremina,0.75 L,1,1
simple,tikves-bela-voda-tikves,Tikveš Bela Voda,1,0,visible,1,4480,0,1.3,Belo vino,https://15milja.com/images/wines/tikves-bela-voda.png,Vinarija,Tikveš,1,1,Region,Makedonija,1,1,Zemlja,S. Makedonija,1,1,Zapremina,0.75 L,1,1
simple,tikves-lepovo-chardonnay-tikves,Tikveš Lepovo Chardonnay,1,0,visible,1,4210,0,1.3,Belo vino,https://15milja.com/images/wines/tikves-lepovo-chardonnay.png,Vinarija,Tikveš,1,1,Region,Makedonija,1,1,Zemlja,S. Makedonija,1,1,Zapremina,0.75 L,1,1
simple,tikves-lm-cuvee-red-tikves,Tikveš LM Cuvée Red,1,0,visible,1,1220,0,1.3,Crveno vino,https://15milja.com/images/wines/tikves-lm-cuvee-red.png,Vinarija,Tikveš,1,1,Region,Makedonija,1,1,Zemlja,S. Makedonija,1,1,Zapremina,0.75 L,1,1
simple,tikves-lm-cuvee-white-tikves,Tikveš LM Cuvée White,1,0,visible,1,1220,0,1.3,Belo vino,https://15milja.com/images/wines/tikves-lm-cuvee-white.png,Vinarija,Tikveš,1,1,Region,Makedonija,1,1,Zemlja,S. Makedonija,1,1,Zapremina,0.75 L,1,1
simple,tikves-lm-tamjanika-tikves,Tikveš LM Tamjanika,1,0,visible,1,1230,0,1.3,Belo vino,https://15milja.com/images/wines/tikves-lm-tamjanika.png,Vinarija,Tikveš,1,1,Region,Makedonija,1,1,Zemlja,S. Makedonija,1,1,Zapremina,0.75 L,1,1
simple,tikves-lm-vranac-tikves,Tikveš LM Vranac,1,0,visible,1,1220,0,1.3,Crveno vino,https://15milja.com/images/wines/tikves-lm-vranac.png,Vinarija,Tikveš,1,1,Region,Makedonija,1,1,Zemlja,S. Makedonija,1,1,Zapremina,0.75 L,1,1
simple,babich-sauvignon-blanc-babich,Babich Sauvignon Blanc,1,0,visible,1,,1,1.3,Belo vino,https://15milja.com/images/wines/babich-sauvignon.png,Vinarija,Babich,1,1,Region,Marlborough,1,1,Zemlja,Novi Zeland,1,1,Zapremina,0.75 L,1,1
simple,bojkovcanka-dunja-premium-bojkovcanka,Bojkovčanka Dunja Premium,1,0,visible,1,3880,0,1.3,Rakija,https://15milja.com/images/wines/bojkovcanka-dunja-premium.png,Vinarija,Bojkovčanka,1,1,Region,Srbija,1,1,Zemlja,Srbija,1,1,Zapremina,0.75 L,1,1
simple,bojkovcanka-sljiva-premium-bojkovcanka,Bojkovčanka Šljiva Premium,1,0,visible,1,4970,0,1.3,Rakija,https://15milja.com/images/wines/bojkovcanka-sljiva-premium.png,Vinarija,Bojkovčanka,1,1,Region,Srbija,1,1,Zemlja,Srbija,1,1,Zapremina,0.75 L,1,1
simple,bojkovcanka-viljamovka-premium-bojkovcanka,Bojkovčanka Viljamovka Premium,1,0,visible,1,3340,0,1.3,Rakija,https://15milja.com/images/wines/bojkovcanka-viljamovka-premium.png,Vinarija,Bojkovčanka,1,1,Region,Srbija,1,1,Zemlja,Srbija,1,1,Zapremina,0.75 L,1,1
simple,djedova-rakija-sljiva-djedova-rakija,Djedova Rakija Šljiva,1,0,visible,1,2980,0,1.3,Rakija,https://15milja.com/images/wines/djedova-rakija-sljiva.png,Vinarija,Djedova Rakija,1,1,Region,Srbija,1,1,Zemlja,Srbija,1,1,Zapremina,0.75 L,1,1
simple,gorda-sljiva-gorda,Gorda Šljiva,1,0,visible,1,3680,0,1.3,Rakija,https://15milja.com/images/wines/gorda-%C5%A1ljiva-premium-0.7-l.png,Vinarija,Gorda,1,1,Region,Srbija,1,1,Zemlja,Srbija,1,1,Zapremina,0.75 L,1,1
simple,gorda-sljiva-sa-kutijom-gorda,Gorda Šljiva Sa Kutijom,1,0,visible,1,4040,0,1.3,Rakija,https://15milja.com/images/wines/gorda-sljiva-kutija.png,Vinarija,Gorda,1,1,Region,Srbija,1,1,Zemlja,Srbija,1,1,Zapremina,0.75 L,1,1
simple,jelicki-dukat-sljiva-jelicki-dukat,Jelički Dukat Šljiva,1,0,visible,1,4920,0,1.3,Rakija,https://15milja.com/images/wines/jelicki-dukat-sljiva.png,Vinarija,Jelički Dukat,1,1,Region,Srbija,1,1,Zemlja,Srbija,1,1,Zapremina,0.75 L,1,1
simple,limit-brusnica-badem-limit,Limit Brusnica & Badem,1,0,visible,1,1250,0,1.3,Rakija,,Vinarija,Limit,1,1,Region,Srbija,1,1,Zemlja,Srbija,1,1,Zapremina,0.75 L,1,1
simple,limit-cokolada-narandza-limit,Limit Čokolada & Narandža,1,0,visible,1,1250,0,1.3,Rakija,https://15milja.com/images/wines/limit-cokolada-narandza.png,Vinarija,Limit,1,1,Region,Srbija,1,1,Zemlja,Srbija,1,1,Zapremina,0.75 L,1,1
simple,limit-dunja-limit,Limit Dunja,1,0,visible,1,2420,0,1.3,Rakija,https://15milja.com/images/wines/limit-dunja.png,Vinarija,Limit,1,1,Region,Srbija,1,1,Zemlja,Srbija,1,1,Zapremina,0.75 L,1,1
simple,limit-kruska-viljamovka-limit,Limit Kruška & Viljamovka,1,0,visible,1,2270,0,1.3,Rakija,,Vinarija,Limit,1,1,Region,Srbija,1,1,Zemlja,Srbija,1,1,Zapremina,0.75 L,1,1
simple,limit-nana-ananas-limit,Limit Nana & Ananas,1,0,visible,1,1250,0,1.3,Rakija,,Vinarija,Limit,1,1,Region,Srbija,1,1,Zemlja,Srbija,1,1,Zapremina,0.75 L,1,1
simple,limit-sljiva-limit,Limit Šljiva,1,0,visible,1,1640,0,1.3,Rakija,https://15milja.com/images/wines/limit-sljiva.png,Vinarija,Limit,1,1,Region,Srbija,1,1,Zemlja,Srbija,1,1,Zapremina,0.75 L,1,1
simple,manastir-kovilj-sljiva-manastir-kovilj,Manastir Kovilj Šljiva,1,0,visible,1,3800,0,1.3,Rakija,https://15milja.com/images/wines/manastir-kovilj-sljiva.png,Vinarija,Manastir Kovilj,1,1,Region,Srbija,1,1,Zemlja,Srbija,1,1,Zapremina,0.75 L,1,1
simple,momirovic-vizantija-sljiva-momirovic,Momirović Vizantija Šljiva,1,0,visible,1,2930,0,1.3,Rakija,https://15milja.com/images/wines/momirovic-vizantija-sljiva.png,Vinarija,Momirović,1,1,Region,Srbija,1,1,Zemlja,Srbija,1,1,Zapremina,0.75 L,1,1
simple,ornament-dunja-ornament,Ornament Dunja,1,0,visible,1,4240,0,1.3,Rakija,https://15milja.com/images/wines/ornament-dunja.png,Vinarija,Ornament,1,1,Region,Srbija,1,1,Zemlja,Srbija,1,1,Zapremina,0.75 L,1,1
simple,ornament-dunja-lux-ornament,Ornament Dunja LUX,1,0,visible,1,4550,0,1.3,Rakija,https://15milja.com/images/wines/ornament-dunja-lux.png,Vinarija,Ornament,1,1,Region,Srbija,1,1,Zemlja,Srbija,1,1,Zapremina,0.75 L,1,1
simple,ornament-sljiva-ornament,Ornament Šljiva,1,0,visible,1,3320,0,1.3,Rakija,https://15milja.com/images/wines/ornament-sljiva.png,Vinarija,Ornament,1,1,Region,Srbija,1,1,Zemlja,Srbija,1,1,Zapremina,0.75 L,1,1
simple,ornament-sljiva-lux-ornament,Ornament Šljiva LUX,1,0,visible,1,3620,0,1.3,Rakija,https://15milja.com/images/wines/ornament-sljiva-lux.png,Vinarija,Ornament,1,1,Region,Srbija,1,1,Zemlja,Srbija,1,1,Zapremina,0.75 L,1,1
simple,srpska-trojka-dunja-srpska-trojka,Srpska Trojka Dunja,1,0,visible,1,3460,0,1.3,Rakija,https://15milja.com/images/wines/srpska-trojka-dunja.png,Vinarija,Srpska Trojka,1,1,Region,Srbija,1,1,Zemlja,Srbija,1,1,Zapremina,0.75 L,1,1
simple,srpska-trojka-kajsija-srpska-trojka,Srpska Trojka Kajsija,1,0,visible,1,3270,0,1.3,Rakija,https://15milja.com/images/wines/srpska-trojka-kajsija.png,Vinarija,Srpska Trojka,1,1,Region,Srbija,1,1,Zemlja,Srbija,1,1,Zapremina,0.75 L,1,1
simple,srpska-trojka-sljiva-srpska-trojka,Srpska Trojka Šljiva,1,0,visible,1,2900,0,1.3,Rakija,https://15milja.com/images/wines/srpska-trojka-sljiva.png,Vinarija,Srpska Trojka,1,1,Region,Srbija,1,1,Zemlja,Srbija,1,1,Zapremina,0.75 L,1,1
simple,srpska-trojka-medena-kapljica-srpska-trojka,Srpska Trojka Medena Kapljica,1,0,visible,1,2440,0,1.3,Rakija,https://15milja.com/images/wines/srpska-trojka-medena-kapljica.png,Vinarija,Srpska Trojka,1,1,Region,Srbija,1,1,Zemlja,Srbija,1,1,Zapremina,0.75 L,1,1
simple,uteha-nasa-uteha,Uteha Naša,1,0,visible,1,7890,0,1.3,Rakija,https://15milja.com/images/wines/uteha-na%C5%A1a.png,Vinarija,Uteha,1,1,Region,Srbija,1,1,Zemlja,Srbija,1,1,Zapremina,0.75 L,1,1
simple,zaric-kraljica-zaric,Zarić Kraljica,1,0,visible,1,3260,0,1.3,Rakija,https://15milja.com/images/wines/zaric-kraljica.png,Vinarija,Zarić,1,1,Region,Srbija,1,1,Zemlja,Srbija,1,1,Zapremina,0.75 L,1,1
simple,zaric-kraljica-sa-kutijom-zaric,Zarić Kraljica Sa Kutijom,1,0,visible,1,3530,0,1.3,Rakija,https://15milja.com/images/wines/zaric-kraljica-kutija.png,Vinarija,Zarić,1,1,Region,Srbija,1,1,Zemlja,Srbija,1,1,Zapremina,0.75 L,1,1
simple,zaric-magija-zaric,Zarić Magija,1,0,visible,1,3620,0,1.3,Rakija,https://15milja.com/images/wines/zaric-magija.png,Vinarija,Zarić,1,1,Region,Srbija,1,1,Zemlja,Srbija,1,1,Zapremina,0.75 L,1,1
simple,zaric-magija-sa-kutijom-zaric,Zarić Magija Sa Kutijom,1,0,visible,1,3890,0,1.3,Rakija,https://15milja.com/images/wines/zaric-magija-kutija.png,Vinarija,Zarić,1,1,Region,Srbija,1,1,Zemlja,Srbija,1,1,Zapremina,0.75 L,1,1
simple,zaric-medena-zaric,Zarić Medena,1,0,visible,1,2520,0,1.3,Rakija,https://15milja.com/images/wines/zaric-medena.png,Vinarija,Zarić,1,1,Region,Srbija,1,1,Zemlja,Srbija,1,1,Zapremina,0.75 L,1,1
simple,zaric-nostalgija-zaric,Zarić Nostalgija,1,0,visible,1,3330,0,1.3,Rakija,https://15milja.com/images/wines/zaric-nostalgija.png,Vinarija,Zarić,1,1,Region,Srbija,1,1,Zemlja,Srbija,1,1,Zapremina,0.75 L,1,1
simple,zaric-nostalgija-sa-kutijom-zaric,Zarić Nostalgija Sa Kutijom,1,0,visible,1,3600,0,1.3,Rakija,https://15milja.com/images/wines/zaric-nostalgija-kutija.png,Vinarija,Zarić,1,1,Region,Srbija,1,1,Zemlja,Srbija,1,1,Zapremina,0.75 L,1,1
simple,zaric-opsesija-sa-kutijom-zaric,Zarić Opsesija Sa Kutijom,1,0,visible,1,13900,0,1.3,Rakija,https://15milja.com/images/wines/zaric-opsesija-kutija.png,Vinarija,Zarić,1,1,Region,Srbija,1,1,Zemlja,Srbija,1,1,Zapremina,0.75 L,1,1
simple,chivas-regal-12yo-4-5l-chivas-regal,Chivas Regal 12YO 4.5L,1,0,visible,1,23200,0,1.3,Žestoko,https://15milja.com/images/wines/chivas-regal-12-45l.png,Vinarija,Chivas Regal,1,1,Region,Škotska,1,1,Zemlja,Import,1,1,Zapremina,0.75 L,1,1
simple,johnnie-walker-blue-0-7l-johnnie-walker,Johnnie Walker Blue 0.7L,1,0,visible,1,33600,0,1.3,Žestoko,https://15milja.com/images/wines/johnnie-walker-blue.png,Vinarija,Johnnie Walker,1,1,Region,Škotska,1,1,Zemlja,Import,1,1,Zapremina,0.75 L,1,1
simple,proper-twelve-whiskey-0-7l-proper-twelve,Proper Twelve Whiskey 0.7L,1,0,visible,1,4600,0,1.3,Žestoko,https://15milja.com/images/wines/proper-twelve.png,Vinarija,Proper Twelve,1,1,Region,Irska,1,1,Zemlja,Import,1,1,Zapremina,0.75 L,1,1
simple,taylor-s-fine-tawny-port-0-75l-taylor-s,Taylor's Fine Tawny Port 0.75L,1,0,visible,1,1640,0,1.3,Žestoko,https://15milja.com/images/wines/taylors-fine-tawny.png,Vinarija,Taylor's,1,1,Region,Portugal,1,1,Zemlja,Import,1,1,Zapremina,0.75 L,1,1
simple,tullamore-dew-0-7l-tullamore-dew,Tullamore Dew 0.7L,1,0,visible,1,2780,0,1.3,Žestoko,https://15milja.com/images/wines/tullamore-dew.png,Vinarija,Tullamore Dew,1,1,Region,Irska,1,1,Zemlja,Import,1,1,Zapremina,0.75 L,1,1
simple,portofino-gin-0-5l-portofino,Portofino Gin 0.5L,1,0,visible,1,6520,0,1.3,Žestoko,https://15milja.com/images/wines/portofino-gin.png,Vinarija,Portofino,1,1,Region,Italija,1,1,Zemlja,Import,1,1,Zapremina,0.75 L,1,1
simple,sinner-gin-0-7l-sinner,Sinner Gin 0.7L,1,0,visible,1,1560,0,1.3,Žestoko,https://15milja.com/images/wines/sinner-gin.png,Vinarija,Sinner,1,1,Region,Srbija,1,1,Zemlja,Import,1,1,Zapremina,0.75 L,1,1
simple,twin-tigers-gin-0-7l-twin-tigers,Twin Tigers Gin 0.7L,1,0,visible,1,2810,0,1.3,Žestoko,https://15milja.com/images/wines/twin-tigers-gin.png,Vinarija,Twin Tigers,1,1,Region,Srbija,1,1,Zemlja,Import,1,1,Zapremina,0.75 L,1,1
simple,xiro-gin-0-7l-xiro,XiRo Gin 0.7L,1,0,visible,1,1880,0,1.3,Žestoko,https://15milja.com/images/wines/xiro-ginger-gin.png,Vinarija,XiRo,1,1,Region,Srbija,1,1,Zemlja,Srbija,1,1,Zapremina,0.75 L,1,1
simple,xiro-gin-jagoda-0-7l-xiro,XiRo Gin Jagoda 0.7L,1,0,visible,1,1880,0,1.3,Žestoko,https://15milja.com/images/wines/xiro-jagoda-gin.png,Vinarija,XiRo,1,1,Region,Srbija,1,1,Zemlja,Srbija,1,1,Zapremina,0.75 L,1,1
simple,xiro-gin-lavanda-0-7l-xiro,XiRo Gin Lavanda 0.7L,1,0,visible,1,1880,0,1.3,Žestoko,https://15milja.com/images/wines/xiro-lavanda-gin.png,Vinarija,XiRo,1,1,Region,Srbija,1,1,Zemlja,Srbija,1,1,Zapremina,0.75 L,1,1
simple,xiro-gin-malina-0-7l-xiro,XiRo Gin Malina 0.7L,1,0,visible,1,1880,0,1.3,Žestoko,https://15milja.com/images/wines/xiro-malina-gin.png,Vinarija,XiRo,1,1,Region,Srbija,1,1,Zemlja,Srbija,1,1,Zapremina,0.75 L,1,1
simple,xiro-gin-zova-0-7l-xiro,XiRo Gin Zova 0.7L,1,0,visible,1,1880,0,1.3,Žestoko,https://15milja.com/images/wines/xiro-zova-gin.png,Vinarija,XiRo,1,1,Region,Srbija,1,1,Zemlja,Srbija,1,1,Zapremina,0.75 L,1,1
simple,xiro-plavi-gin-0-7l-xiro,XiRo Plavi Gin 0.7L,1,0,visible,1,1880,0,1.3,Žestoko,https://15milja.com/images/wines/xiro-gin.png,Vinarija,XiRo,1,1,Region,Srbija,1,1,Zemlja,Srbija,1,1,Zapremina,0.75 L,1,1
simple,con-te-apple-spirit-box-0-7l-con-te,Con Te Apple Spirit Box 0.7L,1,0,visible,1,4390,0,1.3,Žestoko,https://15milja.com/images/wines/con-te-apple-spirit-box.png,Vinarija,Con Te,1,1,Region,Srbija,1,1,Zemlja,Srbija,1,1,Zapremina,0.75 L,1,1
simple,srpska-trojka-liker-malina-1l-srpska-trojka,Srpska Trojka Liker Malina 1L,1,0,visible,1,2390,0,1.3,Žestoko,https://15milja.com/images/wines/srpska-trojka-liker-malina.png,Vinarija,Srpska Trojka,1,1,Region,Srbija,1,1,Zemlja,Srbija,1,1,Zapremina,0.75 L,1,1
simple,viola-verde-liker-0-7l-viola-verde,Viola Verde Liker 0.7L,1,0,visible,1,1890,0,1.3,Žestoko,https://15milja.com/images/wines/viola-verde-liker.png,Vinarija,Viola Verde,1,1,Region,Srbija,1,1,Zemlja,Srbija,1,1,Zapremina,0.75 L,1,1
simple,maslinovo-ulje-salvela-aurum-0-25l-salvela,Maslinovo Ulje Salvela Aurum 0.25L,1,0,visible,1,1790,0,1.3,Delikatesi,https://15milja.com/images/wines/salvela-aurum-extra-devi%C4%8Dansko-maslinovo-ulje-2.png,Vinarija,Salvela,1,1,Region,Istra,1,1,Zemlja,Hrvatska,1,1,Zapremina,0.75 L,1,1
simple,maslinovo-ulje-salvela-bjelica-0-25l-salvela,Maslinovo Ulje Salvela Bjelica 0.25L,1,0,visible,1,1790,0,1.3,Delikatesi,https://15milja.com/images/wines/salvela-bjelica-extra-devi%C4%8Dansko-maslinovo-ulje-2.png,Vinarija,Salvela,1,1,Region,Istra,1,1,Zemlja,Hrvatska,1,1,Zapremina,0.75 L,1,1
simple,maslinovo-ulje-salvela-buza-0-25l-salvela,Maslinovo Ulje Salvela Buža 0.25L,1,0,visible,1,1790,0,1.3,Delikatesi,https://15milja.com/images/wines/salvela-bu%C5%BEa-extra-devi%C4%8Dansko-maslinovo-ulje-2.png,Vinarija,Salvela,1,1,Region,Istra,1,1,Zemlja,Hrvatska,1,1,Zapremina,0.75 L,1,1
simple,njeguski-prsut-list-100g-njeguski,Njeguški Pršut list 100g,1,0,visible,1,290,0,1.3,Delikatesi,https://15milja.com/images/wines/njegusski-prsut.png,Vinarija,Njeguški,1,1,Region,Crna Gora,1,1,Zemlja,Crna Gora,1,1,Zapremina,0.75 L,1,1